<configs>

	<append xpath="/entitygroups/entitygroup[@name='ZombiesNight']">
		<entity name="zombieBansheeQueen" prob="0.1"/>
	</append>

	<append xpath="/entitygroups/entitygroup[@name='scoutHordeStageGS103']"><entity name="zombieBansheeQueen" prob="0.1"/></append>
	<append xpath="/entitygroups/entitygroup[@name='scoutHordeStageGS110']"><entity name="zombieBansheeQueen" prob="0.1"/></append>
	<append xpath="/entitygroups/entitygroup[@name='scoutHordeStageGS117']"><entity name="zombieBansheeQueen" prob="0.1"/></append>
	<append xpath="/entitygroups/entitygroup[@name='scoutHordeStageGS125']"><entity name="zombieBansheeQueen" prob="0.1"/></append>
	<append xpath="/entitygroups/entitygroup[@name='scoutHordeStageGS132']"><entity name="zombieBansheeQueen" prob="0.1"/></append>
	<append xpath="/entitygroups/entitygroup[@name='scoutHordeStageGS140']"><entity name="zombieBansheeQueen" prob="0.1"/></append>
	<append xpath="/entitygroups/entitygroup[@name='scoutHordeStageGS148']"><entity name="zombieBansheeQueen" prob="0.1"/></append>
	<append xpath="/entitygroups/entitygroup[@name='scoutHordeStageGS156']"><entity name="zombieBansheeQueen" prob="0.1"/></append>
	<append xpath="/entitygroups/entitygroup[@name='scoutHordeStageGS164']"><entity name="zombieBansheeQueen" prob="0.1"/></append>
	<append xpath="/entitygroups/entitygroup[@name='scoutHordeStageGS172']"><entity name="zombieBansheeQueen" prob="0.1"/></append>
	<append xpath="/entitygroups/entitygroup[@name='scoutHordeStageGS181']"><entity name="zombieBansheeQueen" prob="0.1"/></append>
	<append xpath="/entitygroups/entitygroup[@name='scoutHordeStageGS189']"><entity name="zombieBansheeQueen" prob="0.1"/></append>
	<append xpath="/entitygroups/entitygroup[@name='scoutHordeStageGS198']"><entity name="zombieBansheeQueen" prob="0.1"/></append>
	<append xpath="/entitygroups/entitygroup[@name='scoutHordeStageGS207']"><entity name="zombieBansheeQueen" prob="0.2"/></append>
	<append xpath="/entitygroups/entitygroup[@name='scoutHordeStageGS216']"><entity name="zombieBansheeQueen" prob="0.2"/></append>
	<append xpath="/entitygroups/entitygroup[@name='scoutHordeStageGS225']"><entity name="zombieBansheeQueen" prob="0.2"/></append>
	<append xpath="/entitygroups/entitygroup[@name='scoutHordeStageGS234']"><entity name="zombieBansheeQueen" prob="0.2"/></append>
	<append xpath="/entitygroups/entitygroup[@name='scoutHordeStageGS243']"><entity name="zombieBansheeQueen" prob="0.2"/></append>
	<append xpath="/entitygroups/entitygroup[@name='scoutHordeStageGS252']"><entity name="zombieBansheeQueen" prob="0.2"/></append>
	<append xpath="/entitygroups/entitygroup[@name='scoutHordeStageGS364']"><entity name="zombieBansheeQueen" prob="0.3"/></append>
	<append xpath="/entitygroups/entitygroup[@name='scoutHordeStageGS374']"><entity name="zombieBansheeQueen" prob="0.3"/></append>
	<append xpath="/entitygroups/entitygroup[@name='scoutHordeStageGS385']"><entity name="zombieBansheeQueen" prob="0.3"/></append>
	<append xpath="/entitygroups/entitygroup[@name='scoutHordeStageGS396']"><entity name="zombieBansheeQueen" prob="0.3"/></append>
	<append xpath="/entitygroups/entitygroup[@name='scoutHordeStageGS407']"><entity name="zombieBansheeQueen" prob="0.3"/></append>
	<append xpath="/entitygroups/entitygroup[@name='scoutHordeStageGS419']"><entity name="zombieBansheeQueen" prob="0.3"/></append>
	<append xpath="/entitygroups/entitygroup[@name='scoutHordeStageGS430']"><entity name="zombieBansheeQueen" prob="0.3"/></append>
	<append xpath="/entitygroups/entitygroup[@name='scoutHordeStageGS441']"><entity name="zombieBansheeQueen" prob="0.3"/></append>
	<append xpath="/entitygroups/entitygroup[@name='scoutHordeStageGS453']"><entity name="zombieBansheeQueen" prob="0.3"/></append>
	<append xpath="/entitygroups/entitygroup[@name='scoutHordeStageGS464']"><entity name="zombieBansheeQueen" prob="0.3"/></append>
	<append xpath="/entitygroups/entitygroup[@name='scoutHordeStageGS476']"><entity name="zombieBansheeQueen" prob="0.3"/></append>
	<append xpath="/entitygroups/entitygroup[@name='scoutHordeStageGS488']"><entity name="zombieBansheeQueen" prob="0.3"/></append>
	<append xpath="/entitygroups/entitygroup[@name='scoutHordeStageGS500']"><entity name="zombieBansheeQueen" prob="0.4"/></append>
	<append xpath="/entitygroups/entitygroup[@name='scoutHordeStageGS512']"><entity name="zombieBansheeQueen" prob="0.4"/></append>
	<append xpath="/entitygroups/entitygroup[@name='scoutHordeStageGS524']"><entity name="zombieBansheeQueen" prob="0.4"/></append>
	<append xpath="/entitygroups/entitygroup[@name='scoutHordeStageGS536']"><entity name="zombieBansheeQueen" prob="0.4"/></append>
	<append xpath="/entitygroups/entitygroup[@name='scoutHordeStageGS548']"><entity name="zombieBansheeQueen" prob="0.4"/></append>
	<append xpath="/entitygroups/entitygroup[@name='scoutHordeStageGS560']"><entity name="zombieBansheeQueen" prob="0.4"/></append>
	<append xpath="/entitygroups/entitygroup[@name='scoutHordeStageGS573']"><entity name="zombieBansheeQueen" prob="0.4"/></append>
	<append xpath="/entitygroups/entitygroup[@name='scoutHordeStageGS585']"><entity name="zombieBansheeQueen" prob="0.4"/></append>
	<append xpath="/entitygroups/entitygroup[@name='scoutHordeStageGS598']"><entity name="zombieBansheeQueen" prob="0.4"/></append>
	<append xpath="/entitygroups/entitygroup[@name='scoutHordeStageGS610']"><entity name="zombieBansheeQueen" prob="0.4"/></append>
	<append xpath="/entitygroups/entitygroup[@name='scoutHordeStageGS623']"><entity name="zombieBansheeQueen" prob="0.4"/></append>
	<append xpath="/entitygroups/entitygroup[@name='scoutHordeStageGS636']"><entity name="zombieBansheeQueen" prob="0.4"/></append>
	<append xpath="/entitygroups/entitygroup[@name='scoutHordeStageGS649']"><entity name="zombieBansheeQueen" prob="0.4"/></append>
	<append xpath="/entitygroups/entitygroup[@name='scoutHordeStageGS662']"><entity name="zombieBansheeQueen" prob="0.4"/></append>
	<append xpath="/entitygroups/entitygroup[@name='scoutHordeStageGS675']"><entity name="zombieBansheeQueen" prob="0.4"/></append>
	<append xpath="/entitygroups/entitygroup[@name='scoutHordeStageGS688']"><entity name="zombieBansheeQueen" prob="0.4"/></append>
	<append xpath="/entitygroups/entitygroup[@name='scoutHordeStageGS702']"><entity name="zombieBansheeQueen" prob="0.4"/></append>
	<append xpath="/entitygroups/entitygroup[@name='scoutHordeStageGS715']"><entity name="zombieBansheeQueen" prob="0.4"/></append>
	<append xpath="/entitygroups/entitygroup[@name='scoutHordeStageGS729']"><entity name="zombieBansheeQueen" prob="0.4"/></append>
	<append xpath="/entitygroups/entitygroup[@name='scoutHordeStageGS742']"><entity name="zombieBansheeQueen" prob="0.4"/></append>
	<append xpath="/entitygroups/entitygroup[@name='scoutHordeStageGS756']"><entity name="zombieBansheeQueen" prob="0.4"/></append>
	<append xpath="/entitygroups/entitygroup[@name='scoutHordeStageGS769']"><entity name="zombieBansheeQueen" prob="0.4"/></append>
	<append xpath="/entitygroups/entitygroup[@name='scoutHordeStageGS783']"><entity name="zombieBansheeQueen" prob="0.4"/></append>
	<append xpath="/entitygroups/entitygroup[@name='scoutHordeStageGS797']"><entity name="zombieBansheeQueen" prob="0.4"/></append>
	<append xpath="/entitygroups/entitygroup[@name='scoutHordeStageGS811']"><entity name="zombieBansheeQueen" prob="0.4"/></append>
	<append xpath="/entitygroups/entitygroup[@name='scoutHordeStageGS825']"><entity name="zombieBansheeQueen" prob="0.4"/></append>
	<append xpath="/entitygroups/entitygroup[@name='scoutHordeStageGS839']"><entity name="zombieBansheeQueen" prob="0.4"/></append>
	<append xpath="/entitygroups/entitygroup[@name='scoutHordeStageGS853']"><entity name="zombieBansheeQueen" prob="0.4"/></append>
	<append xpath="/entitygroups/entitygroup[@name='scoutHordeStageGS868']"><entity name="zombieBansheeQueen" prob="0.4"/></append>
	<append xpath="/entitygroups/entitygroup[@name='scoutHordeStageGS882']"><entity name="zombieBansheeQueen" prob="0.4"/></append>
	<append xpath="/entitygroups/entitygroup[@name='scoutHordeStageGS896']"><entity name="zombieBansheeQueen" prob="0.4"/></append>
	<append xpath="/entitygroups/entitygroup[@name='scoutHordeStageGS911']"><entity name="zombieBansheeQueen" prob="0.4"/></append>
	<append xpath="/entitygroups/entitygroup[@name='scoutHordeStageGS925']"><entity name="zombieBansheeQueen" prob="0.4"/></append>
	<append xpath="/entitygroups/entitygroup[@name='scoutHordeStageGS940']"><entity name="zombieBansheeQueen" prob="0.4"/></append>
	<append xpath="/entitygroups/entitygroup[@name='scoutHordeStageGS955']"><entity name="zombieBansheeQueen" prob="0.4"/></append>
	<append xpath="/entitygroups/entitygroup[@name='scoutHordeStageGS970']"><entity name="zombieBansheeQueen" prob="0.4"/></append>
	<append xpath="/entitygroups/entitygroup[@name='scoutHordeStageGS985']"><entity name="zombieBansheeQueen" prob="0.4"/></append>
	<append xpath="/entitygroups/entitygroup[@name='scoutHordeStageGS1000']"><entity name="zombieBansheeQueen" prob="0.5"/></append>

	<append xpath="/entitygroups/entitygroup[@name='feralHordeStageGS103']"><entity name="zombieBansheeQueen" prob="0.1"/></append>
	<append xpath="/entitygroups/entitygroup[@name='feralHordeStageGS109']"><entity name="zombieBansheeQueen" prob="0.1"/></append>
	<append xpath="/entitygroups/entitygroup[@name='feralHordeStageGS115']"><entity name="zombieBansheeQueen" prob="0.1"/></append>
	<append xpath="/entitygroups/entitygroup[@name='feralHordeStageGS121']"><entity name="zombieBansheeQueen" prob="0.1"/></append>
	<append xpath="/entitygroups/entitygroup[@name='feralHordeStageGS127']"><entity name="zombieBansheeQueen" prob="0.1"/></append>
	<append xpath="/entitygroups/entitygroup[@name='feralHordeStageGS133']"><entity name="zombieBansheeQueen" prob="0.1"/></append>
	<append xpath="/entitygroups/entitygroup[@name='feralHordeStageGS140']"><entity name="zombieBansheeQueen" prob="0.1"/></append>
	<append xpath="/entitygroups/entitygroup[@name='feralHordeStageGS147']"><entity name="zombieBansheeQueen" prob="0.1"/></append>
	<append xpath="/entitygroups/entitygroup[@name='feralHordeStageGS153']"><entity name="zombieBansheeQueen" prob="0.1"/></append>
	<append xpath="/entitygroups/entitygroup[@name='feralHordeStageGS160']"><entity name="zombieBansheeQueen" prob="0.1"/></append>
	<append xpath="/entitygroups/entitygroup[@name='feralHordeStageGS167']"><entity name="zombieBansheeQueen" prob="0.1"/></append>
	<append xpath="/entitygroups/entitygroup[@name='feralHordeStageGS174']"><entity name="zombieBansheeQueen" prob="0.1"/></append>
	<append xpath="/entitygroups/entitygroup[@name='feralHordeStageGS181']"><entity name="zombieBansheeQueen" prob="0.1"/></append>
	<append xpath="/entitygroups/entitygroup[@name='feralHordeStageGS188']"><entity name="zombieBansheeQueen" prob="0.1"/></append>
	<append xpath="/entitygroups/entitygroup[@name='feralHordeStageGS195']"><entity name="zombieBansheeQueen" prob="0.1"/></append>
	<append xpath="/entitygroups/entitygroup[@name='feralHordeStageGS202']"><entity name="zombieBansheeQueen" prob="0.2"/></append>
	<append xpath="/entitygroups/entitygroup[@name='feralHordeStageGS210']"><entity name="zombieBansheeQueen" prob="0.2"/></append>
	<append xpath="/entitygroups/entitygroup[@name='feralHordeStageGS217']"><entity name="zombieBansheeQueen" prob="0.2"/></append>
	<append xpath="/entitygroups/entitygroup[@name='feralHordeStageGS225']"><entity name="zombieBansheeQueen" prob="0.2"/></append>
	<append xpath="/entitygroups/entitygroup[@name='feralHordeStageGS232']"><entity name="zombieBansheeQueen" prob="0.2"/></append>
	<append xpath="/entitygroups/entitygroup[@name='feralHordeStageGS240']"><entity name="zombieBansheeQueen" prob="0.2"/></append>
	<append xpath="/entitygroups/entitygroup[@name='feralHordeStageGS247']"><entity name="zombieBansheeQueen" prob="0.2"/></append>
	<append xpath="/entitygroups/entitygroup[@name='feralHordeStageGS255']"><entity name="zombieBansheeQueen" prob="0.2"/></append>
	<append xpath="/entitygroups/entitygroup[@name='feralHordeStageGS263']"><entity name="zombieBansheeQueen" prob="0.2"/></append>
	<append xpath="/entitygroups/entitygroup[@name='feralHordeStageGS271']"><entity name="zombieBansheeQueen" prob="0.2"/></append>
	<append xpath="/entitygroups/entitygroup[@name='feralHordeStageGS279']"><entity name="zombieBansheeQueen" prob="0.2"/></append>
	<append xpath="/entitygroups/entitygroup[@name='feralHordeStageGS287']"><entity name="zombieBansheeQueen" prob="0.2"/></append>
	<append xpath="/entitygroups/entitygroup[@name='feralHordeStageGS295']"><entity name="zombieBansheeQueen" prob="0.2"/></append>
	<append xpath="/entitygroups/entitygroup[@name='feralHordeStageGS304']"><entity name="zombieBansheeQueen" prob="0.2"/></append>
	<append xpath="/entitygroups/entitygroup[@name='feralHordeStageGS312']"><entity name="zombieBansheeQueen" prob="0.2"/></append>
	<append xpath="/entitygroups/entitygroup[@name='feralHordeStageGS320']"><entity name="zombieBansheeQueen" prob="0.2"/></append>
	<append xpath="/entitygroups/entitygroup[@name='feralHordeStageGS329']"><entity name="zombieBansheeQueen" prob="0.2"/></append>
	<append xpath="/entitygroups/entitygroup[@name='feralHordeStageGS337']"><entity name="zombieBansheeQueen" prob="0.2"/></append>
	<append xpath="/entitygroups/entitygroup[@name='feralHordeStageGS346']"><entity name="zombieBansheeQueen" prob="0.2"/></append>
	<append xpath="/entitygroups/entitygroup[@name='feralHordeStageGS354']"><entity name="zombieBansheeQueen" prob="0.3"/></append>
	<append xpath="/entitygroups/entitygroup[@name='feralHordeStageGS363']"><entity name="zombieBansheeQueen" prob="0.3"/></append>
	<append xpath="/entitygroups/entitygroup[@name='feralHordeStageGS372']"><entity name="zombieBansheeQueen" prob="0.3"/></append>
	<append xpath="/entitygroups/entitygroup[@name='feralHordeStageGS381']"><entity name="zombieBansheeQueen" prob="0.3"/></append>
	<append xpath="/entitygroups/entitygroup[@name='feralHordeStageGS389']"><entity name="zombieBansheeQueen" prob="0.3"/></append>
	<append xpath="/entitygroups/entitygroup[@name='feralHordeStageGS398']"><entity name="zombieBansheeQueen" prob="0.3"/></append>
	<append xpath="/entitygroups/entitygroup[@name='feralHordeStageGS407']"><entity name="zombieBansheeQueen" prob="0.3"/></append>
	<append xpath="/entitygroups/entitygroup[@name='feralHordeStageGS417']"><entity name="zombieBansheeQueen" prob="0.3"/></append>
	<append xpath="/entitygroups/entitygroup[@name='feralHordeStageGS426']"><entity name="zombieBansheeQueen" prob="0.3"/></append>
	<append xpath="/entitygroups/entitygroup[@name='feralHordeStageGS435']"><entity name="zombieBansheeQueen" prob="0.3"/></append>
	<append xpath="/entitygroups/entitygroup[@name='feralHordeStageGS444']"><entity name="zombieBansheeQueen" prob="0.3"/></append>
	<append xpath="/entitygroups/entitygroup[@name='feralHordeStageGS453']"><entity name="zombieBansheeQueen" prob="0.3"/></append>
	<append xpath="/entitygroups/entitygroup[@name='feralHordeStageGS463']"><entity name="zombieBansheeQueen" prob="0.3"/></append>
	<append xpath="/entitygroups/entitygroup[@name='feralHordeStageGS472']"><entity name="zombieBansheeQueen" prob="0.3"/></append>
	<append xpath="/entitygroups/entitygroup[@name='feralHordeStageGS482']"><entity name="zombieBansheeQueen" prob="0.3"/></append>
	<append xpath="/entitygroups/entitygroup[@name='feralHordeStageGS491']"><entity name="zombieBansheeQueen" prob="0.3"/></append>
	<append xpath="/entitygroups/entitygroup[@name='feralHordeStageGS501']"><entity name="zombieBansheeQueen" prob="0.4"/></append>
	<append xpath="/entitygroups/entitygroup[@name='feralHordeStageGS510']"><entity name="zombieBansheeQueen" prob="0.4"/></append>
	<append xpath="/entitygroups/entitygroup[@name='feralHordeStageGS520']"><entity name="zombieBansheeQueen" prob="0.4"/></append>
	<append xpath="/entitygroups/entitygroup[@name='feralHordeStageGS530']"><entity name="zombieBansheeQueen" prob="0.4"/></append>
	<append xpath="/entitygroups/entitygroup[@name='feralHordeStageGS540']"><entity name="zombieBansheeQueen" prob="0.4"/></append>
	<append xpath="/entitygroups/entitygroup[@name='feralHordeStageGS550']"><entity name="zombieBansheeQueen" prob="0.4"/></append>
	<append xpath="/entitygroups/entitygroup[@name='feralHordeStageGS560']"><entity name="zombieBansheeQueen" prob="0.4"/></append>
	<append xpath="/entitygroups/entitygroup[@name='feralHordeStageGS570']"><entity name="zombieBansheeQueen" prob="0.4"/></append>
	<append xpath="/entitygroups/entitygroup[@name='feralHordeStageGS580']"><entity name="zombieBansheeQueen" prob="0.4"/></append>
	<append xpath="/entitygroups/entitygroup[@name='feralHordeStageGS590']"><entity name="zombieBansheeQueen" prob="0.4"/></append>
	<append xpath="/entitygroups/entitygroup[@name='feralHordeStageGS600']"><entity name="zombieBansheeQueen" prob="0.4"/></append>
	<append xpath="/entitygroups/entitygroup[@name='feralHordeStageGS610']"><entity name="zombieBansheeQueen" prob="0.4"/></append>
	<append xpath="/entitygroups/entitygroup[@name='feralHordeStageGS620']"><entity name="zombieBansheeQueen" prob="0.4"/></append>
	<append xpath="/entitygroups/entitygroup[@name='feralHordeStageGS631']"><entity name="zombieBansheeQueen" prob="0.4"/></append>
	<append xpath="/entitygroups/entitygroup[@name='feralHordeStageGS641']"><entity name="zombieBansheeQueen" prob="0.4"/></append>
	<append xpath="/entitygroups/entitygroup[@name='feralHordeStageGS651']"><entity name="zombieBansheeQueen" prob="0.4"/></append>
	<append xpath="/entitygroups/entitygroup[@name='feralHordeStageGS662']"><entity name="zombieBansheeQueen" prob="0.4"/></append>
	<append xpath="/entitygroups/entitygroup[@name='feralHordeStageGS672']"><entity name="zombieBansheeQueen" prob="0.4"/></append>
	<append xpath="/entitygroups/entitygroup[@name='feralHordeStageGS683']"><entity name="zombieBansheeQueen" prob="0.4"/></append>
	<append xpath="/entitygroups/entitygroup[@name='feralHordeStageGS693']"><entity name="zombieBansheeQueen" prob="0.4"/></append>
	<append xpath="/entitygroups/entitygroup[@name='feralHordeStageGS704']"><entity name="zombieBansheeQueen" prob="0.4"/></append>
	<append xpath="/entitygroups/entitygroup[@name='feralHordeStageGS715']"><entity name="zombieBansheeQueen" prob="0.4"/></append>
	<append xpath="/entitygroups/entitygroup[@name='feralHordeStageGS726']"><entity name="zombieBansheeQueen" prob="0.4"/></append>
	<append xpath="/entitygroups/entitygroup[@name='feralHordeStageGS736']"><entity name="zombieBansheeQueen" prob="0.4"/></append>
	<append xpath="/entitygroups/entitygroup[@name='feralHordeStageGS747']"><entity name="zombieBansheeQueen" prob="0.4"/></append>
	<append xpath="/entitygroups/entitygroup[@name='feralHordeStageGS758']"><entity name="zombieBansheeQueen" prob="0.4"/></append>
	<append xpath="/entitygroups/entitygroup[@name='feralHordeStageGS769']"><entity name="zombieBansheeQueen" prob="0.4"/></append>
	<append xpath="/entitygroups/entitygroup[@name='feralHordeStageGS780']"><entity name="zombieBansheeQueen" prob="0.4"/></append>
	<append xpath="/entitygroups/entitygroup[@name='feralHordeStageGS791']"><entity name="zombieBansheeQueen" prob="0.4"/></append>
	<append xpath="/entitygroups/entitygroup[@name='feralHordeStageGS802']"><entity name="zombieBansheeQueen" prob="0.4"/></append>
	<append xpath="/entitygroups/entitygroup[@name='feralHordeStageGS813']"><entity name="zombieBansheeQueen" prob="0.4"/></append>
	<append xpath="/entitygroups/entitygroup[@name='feralHordeStageGS824']"><entity name="zombieBansheeQueen" prob="0.4"/></append>
	<append xpath="/entitygroups/entitygroup[@name='feralHordeStageGS836']"><entity name="zombieBansheeQueen" prob="0.4"/></append>
	<append xpath="/entitygroups/entitygroup[@name='feralHordeStageGS847']"><entity name="zombieBansheeQueen" prob="0.4"/></append>
	<append xpath="/entitygroups/entitygroup[@name='feralHordeStageGS858']"><entity name="zombieBansheeQueen" prob="0.4"/></append>
	<append xpath="/entitygroups/entitygroup[@name='feralHordeStageGS870']"><entity name="zombieBansheeQueen" prob="0.4"/></append>
	<append xpath="/entitygroups/entitygroup[@name='feralHordeStageGS881']"><entity name="zombieBansheeQueen" prob="0.4"/></append>
	<append xpath="/entitygroups/entitygroup[@name='feralHordeStageGS893']"><entity name="zombieBansheeQueen" prob="0.4"/></append>
	<append xpath="/entitygroups/entitygroup[@name='feralHordeStageGS904']"><entity name="zombieBansheeQueen" prob="0.4"/></append>
	<append xpath="/entitygroups/entitygroup[@name='feralHordeStageGS916']"><entity name="zombieBansheeQueen" prob="0.4"/></append>
	<append xpath="/entitygroups/entitygroup[@name='feralHordeStageGS927']"><entity name="zombieBansheeQueen" prob="0.4"/></append>
	<append xpath="/entitygroups/entitygroup[@name='feralHordeStageGS939']"><entity name="zombieBansheeQueen" prob="0.4"/></append>
	<append xpath="/entitygroups/entitygroup[@name='feralHordeStageGS951']"><entity name="zombieBansheeQueen" prob="0.4"/></append>
	<append xpath="/entitygroups/entitygroup[@name='feralHordeStageGS962']"><entity name="zombieBansheeQueen" prob="0.4"/></append>
	<append xpath="/entitygroups/entitygroup[@name='feralHordeStageGS974']"><entity name="zombieBansheeQueen" prob="0.4"/></append>
	<append xpath="/entitygroups/entitygroup[@name='feralHordeStageGS986']"><entity name="zombieBansheeQueen" prob="0.4"/></append>
	<append xpath="/entitygroups/entitygroup[@name='feralHordeStageGS998']"><entity name="zombieBansheeQueen" prob="0.5"/></append>

</configs>


