<configs>
	<append xpath="/items">
		<item name="meleeHandBansheeQueen">
			<property name="Extends" value="meleeHandMaster"/>
			<property name="CreativeMode" value="None"/>
			<property name="Degradation" value="99999" param1="true"/>
			<property class="Action0">
				<property name="Range" value="4"/>
				<property name="DamageEntity" value="60"/>
				<property name="DamageBlock" value="1000"/></property>
			<effect_group name="meleeHandBansheeQueen" tiered="false">
				<passive_effect name="ModSlots" operation="base_set" value="0"/>	
			</effect_group>
		</item>

	</append>
</configs>