<configs>
	
	<remove xpath="/lootcontainers/lootcontainer[@id='25']"></remove>

<insertAfter xpath="/lootcontainers/lootcontainer[@id='24']" >
<lootcontainer id="25" name="birdNest" count="3" size="6,2" sound_open="UseActions/open_garbage" sound_close="UseActions/close_garbage" loot_quality_template="qualBaseTemplate">
	<item name="resourceFeather" count="2,4" loot_prob_template="high"/>
	<item name="foodEgg" count="2,4" loot_prob_template="med"/>
	<item name="resourceCloth" count="2,6" loot_prob_template="med"/>
	<item name="ammo9mmBulletBall" count="4,8" loot_prob_template="med"/>
	<item name="BabyChick" count="1,3" loot_prob_template="med"/>
</lootcontainer>
</insertAfter>

</configs>