<configs>
	
<append xpath="/recipes">
	
<recipe name="HDUnionRoasted" count="1" craft_area="campfire" craft_time = "30" craft_tool="toolCookingPot">
	<ingredient name="drinkJarBlackStrapCoffee" count="1"/>
	<ingredient name="drinkJarBoiledWater" count="1"/>
	<ingredient name="resourceGunPowder" count="20"/>
	<ingredient name="resourceAcid" count="1"/>
</recipe>

<recipe name="HDBowl" count="1" craft_area="campfire" craft_time = "10" craft_tool="toolCookingPot" >
    <ingredient name="resourceClayLump" count="10"/>
    <ingredient name="resourceYuccaFibers" count="5"/>
</recipe>
	
<recipe name="Warm Chunky Honey" count="1" craft_area="campfire" craft_time = "10" craft_tool="toolCookingPot" >
	<ingredient name="foodHoney" count="5"/>
    <ingredient name="foodCanPears" count="2"/>
	<ingredient name="HDBowl" count="1"/>
</recipe>
	
<recipe name="Warm Chunky Beef" count="1" craft_area="campfire" craft_time = "10" craft_tool="toolCookingPot" >
    <ingredient name="foodCanBeef" count="2"/>
	<ingredient name="foodCanStock" count="2"/>
	<ingredient name="HDBowl" count="1"/>
</recipe>
	
<recipe name="Warm Chunky Chicken" count="1" craft_area="campfire" craft_time = "10" craft_tool="toolCookingPot" >
    <ingredient name="foodCanChicken" count="2"/>
	<ingredient name="foodCanStock" count="2"/>
	<ingredient name="HDBowl" count="1"/>
</recipe>
	
<recipe name="Warm Chunky Lamb" count="1" craft_area="campfire" craft_time = "10" craft_tool="toolCookingPot" >
    <ingredient name="foodCanLamb" count="2"/>
	<ingredient name="foodCanSham" count="2"/>
	<ingredient name="HDBowl" count="1"/>
</recipe>
	
<recipe name="Warm Chunky Surprise" count="1" craft_area="campfire" craft_time = "10" craft_tool="toolCookingPot" >
	<ingredient name="foodCanChicken" count="2"/>
	<ingredient name="foodCanLamb" count="2"/>
    <ingredient name="foodCanCatfood" count="2"/>
    <ingredient name="foodCanDogfood" count="2"/>
	<ingredient name="HDBowl" count="1"/>
</recipe>
	
<recipe name="Warm Chunky Chili" count="1" craft_area="campfire" craft_time = "10" craft_tool="toolCookingPot" >
    <ingredient name="foodCanChili" count="2"/>
	<ingredient name="foodCanStock" count="2"/>
	<ingredient name="HDBowl" count="1"/>
</recipe>
	
<recipe name="Warm Chunky Pasta" count="1" craft_area="campfire" craft_time = "10" craft_tool="toolCookingPot" >
	<ingredient name="foodCanLamb" count="2"/>
    <ingredient name="foodCanPasta" count="2"/>
	<ingredient name="foodCanTuna" count="2"/>
	<ingredient name="HDBowl" count="1"/>
</recipe>	
	
<recipe name="Warm Chunky Salmon" count="1" craft_area="campfire" craft_time = "10" craft_tool="toolCookingPot" >
    <ingredient name="foodCanSalmon" count="2"/>
    <ingredient name="foodCanSoup" count="2"/>
	<ingredient name="foodCanPeas" count="2"/>
	<ingredient name="HDBowl" count="1"/>
</recipe>

<recipe name="Warm Chunky Sirloin" count="1" craft_area="campfire" craft_time = "10" craft_tool="toolCookingPot" >
    <ingredient name="foodCanStock" count="2"/>
    <ingredient name="foodRawMeat" count="20"/>
	<ingredient name="foodCanMiso" count="2"/>
	<ingredient name="HDBowl" count="1"/>
</recipe>

<recipe name="Warm Chunky Vegetable Stew" count="1" craft_area="campfire" craft_time = "10" craft_tool="toolCookingPot" >
    <ingredient name="foodVegetableStew" count="2"/>
	<ingredient name="foodCanChicken" count="2"/>
    <ingredient name="HDBowl" count="1"/>
</recipe>

<recipe name="Warm Chunky Meat Stew" count="1" craft_area="campfire" craft_time = "10" craft_tool="toolCookingPot" >
    <ingredient name="foodMeatStew" count="2"/>
	<ingredient name="foodCanChicken" count="2"/>
    <ingredient name="HDBowl" count="1"/>
</recipe>

<recipe name="Warm Chunky Sham Chowder" count="1" craft_area="campfire" craft_time = "10" craft_tool="toolCookingPot" >
    <ingredient name="foodShamChowder" count="2"/>
	<ingredient name="foodCanChicken" count="2"/>
    <ingredient name="HDBowl" count="1"/>
</recipe>

<recipe name="Warm Chunky Hobo Stew" count="1" craft_area="campfire" craft_time = "10" craft_tool="toolCookingPot" >
    <ingredient name="foodHoboStew" count="2"/>
	<ingredient name="foodCanChicken" count="2"/>
    <ingredient name="HDBowl" count="1"/>
</recipe>

<recipe name="Warm Chunky Steak And Potato" count="1" craft_area="campfire" craft_time = "10" craft_tool="toolCookingPot" >
	<ingredient name="foodSteakAndPotato" count="2"/>
	<ingredient name="foodCanStock" count="2"/>
	<ingredient name="HDBowl" count="1"/>
</recipe>

<recipe name="Warm Chunky ChiliDog" count="1" craft_area="campfire" craft_time = "10" craft_tool="toolCookingPot" >
	<ingredient name="foodChiliDog" count="2"/>
	<ingredient name="foodRawMeat" count="20"/>
	<ingredient name="HDBowl" count="1"/>
</recipe>

<recipe name="Warm Chunky Fish Taco" count="1" craft_area="campfire" craft_time = "10" craft_tool="toolCookingPot" >
	<ingredient name="foodFishTacos" count="1"/>
	<ingredient name="foodCanTuna" count="2"/>
	<ingredient name="HDBowl" count="1"/>
</recipe>

<recipe name="Warm Chunky Meat And Mash" count="1" craft_area="campfire" craft_time = "10" craft_tool="toolCookingPot" >
	<ingredient name="foodRawMeat" count="20"/>
	<ingredient name="foodCropPotato" count="5"/>
	<ingredient name="HDBowl" count="1"/>
</recipe>

<recipe name="Warm Chunky Shepards Pie" count="1" craft_area="campfire" craft_time = "10" craft_tool="toolCookingPot" >
	<ingredient name="foodShepardsPie" count="2"/>
	<ingredient name="foodCanStock" count="2"/>
	<ingredient name="HDBowl" count="1"/>
</recipe>

<recipe name="Warm Chunky Gumbo Stew" count="1" craft_area="campfire" craft_time = "10" craft_tool="toolCookingPot" >
	<ingredient name="foodGumboStew" count="2"/>
	<ingredient name="foodCanStock" count="2"/>
	<ingredient name="HDBowl" count="1"/>
</recipe>

<recipe name="MsTeresas Burger Patty" count="1" craft_area="campfire" craft_time = "10" craft_tool="toolCookingPot" >
	<ingredient name="resourceAnimalFat" count="4"/>
	<ingredient name="foodShamSandwich" count="2"/>
	<ingredient name="foodRawMeat" count="4"/>
	<ingredient name="foodCanChili" count="1"/>
</recipe>

<recipe name="FaxFoxs Furr Burger" count="1" craft_area="campfire" craft_time = "10" craft_tool="toolCookingGrill" >
	<ingredient name="foodCanLamb" count="2"/>
	<ingredient name="resourceAnimalFat" count="2"/>
	<ingredient name="foodShamSandwich" count="2"/>
	<ingredient name="foodRawMeat" count="2"/>
</recipe>

<recipe name="Camoes Bifana" count="1" craft_area="campfire" craft_time = "10" craft_tool="toolCookingGrill">
	<ingredient name="resourceAnimalFat" count="5"/>
	<ingredient name="foodShamSandwich" count="2"/>
	<ingredient name="foodRawMeat" count="5"/>
	<ingredient name="drinkJarBeer" count="1"/>
</recipe>

<recipe name="Possums Pavlova" count="1" craft_area="campfire" craft_time = "10" craft_tool="toolCookingPot" >
	<ingredient name="foodCanPears" count="1"/>
	<ingredient name="foodCornMeal" count="2"/>
	<ingredient name="foodHoney" count="1"/>
	<ingredient name="foodEgg" count="4"/>
</recipe>

<recipe name="Ralifs Borscht" count="1" craft_area="campfire" craft_time = "10" craft_tool="toolCookingPot" >
	<ingredient name="foodRawMeat" count="4"/>
	<ingredient name="foodCanStock" count="1"/>
	<ingredient name="foodCropPotato" count="2"/>
	<ingredient name="foodCropMushrooms" count="2"/>
</recipe>

<recipe name="AaronRockst4rs Fritos And Eggs" count="1" craft_area="campfire" craft_time = "10" craft_tool="toolCookingGrill">
	<ingredient name="resourceAnimalFat" count="2"/>
	<ingredient name="foodCornMeal" count="2"/>
	<ingredient name="foodEgg" count="2"/>
</recipe>

<recipe name="Chicken Nuggets" count="1" craft_area="campfire" craft_time = "5" craft_tool="toolCookingGrill" >
	<ingredient name="resourceAnimalFat" count="2"/>
    <ingredient name="BabyChick" count="4"/>
</recipe>

<recipe name="KillJoyJessicas HotWings" count="2" craft_area="campfire" craft_time = "10" craft_tool="toolCookingGrill" >
	<ingredient name="resourceAnimalFat" count="2"/>
	<ingredient name="BabyChick" count="6"/>
	<ingredient name="foodCanChili" count="1"/>
</recipe>

<recipe name="Diggitys Chilli Pork Chops" count="1" craft_area="campfire" craft_time = "10" craft_tool="toolCookingGrill" >
	<ingredient name="foodRawMeat" count="4"/>
	<ingredient name="foodCanChili" count="1"/>
</recipe>

<recipe name="Donnas Fubar Stew" count="1" craft_time="10" craft_area="campfire" craft_tool="toolCookingPot">
	<ingredient name="foodCanSham" count="2"/>
	<ingredient name="foodCanStock" count="2"/>
	<ingredient name="foodCanTuna" count="2"/>
	<ingredient name="resourceBone" count="5"/>
</recipe>

<recipe name="DD1GGs Sham And Tuna Pie" count="1" craft_time="5" craft_area="campfire" craft_tool="toolCookingPot">
	<ingredient name="resourceAnimalFat" count="10"/>
	<ingredient name="foodCanSham" count="2"/>
	<ingredient name="resourceBone" count="10"/>
	<ingredient name="foodCanTuna" count="2"/>
</recipe>

<recipe name="BR1NXls HotPot Pizza Stew" count="1" craft_time="5" craft_area="campfire" craft_tool="toolCookingPot">
	<ingredient name="resourceAnimalFat" count="5"/>
	<ingredient name="foodCornMeal" count="2"/>
	<ingredient name="foodHoney" count="1"/>
	<ingredient name="foodCanDogfood" count="1"/>
	<ingredient name="foodCanBeef" count="2"/>
</recipe>

<recipe name="Lovers Pizza" count="1" craft_time="5" craft_area="campfire" craft_tool="toolCookingPot">
	<ingredient name="foodCanLamb" count="2"/>
	<ingredient name="resourceAnimalFat" count="5"/>
	<ingredient name="foodCornMeal" count="2"/>
	<ingredient name="foodShamSandwich" count="2"/>
	<ingredient name="foodCanBeef" count="2"/>
</recipe>

<recipe name="klausgamer14s Beef steak And Fries" count="1" craft_area="campfire" craft_time = "10" craft_tool="toolCookingGrill" >
	<ingredient name="foodRawMeat" count="4"/>
	<ingredient name="foodCropPotato" count="2"/>
	<ingredient name="resourceAnimalFat" count="2"/>
</recipe>

<recipe name="QueenOfScreamz8s Chili Burrito" count="1" craft_area="campfire" craft_time = "10" craft_tool="toolCookingGrill" >
	<ingredient name="foodRawMeat" count="4"/>
	<ingredient name="foodCornMeal" count="2"/>
	<ingredient name="foodCanChili" count="1"/>
</recipe>

<recipe name="Papas Bare Back Ribs" count="1" craft_area="campfire" craft_time = "10" craft_tool="toolCookingGrill" >
	<ingredient name="foodRawMeat" count="5"/>
	<ingredient name="resourceAnimalFat" count="4"/>
	<ingredient name="foodCanChili" count="1"/>
</recipe>

<recipe name="CokaGamings Flaming Hot Cheetos" count="1" craft_area="campfire" craft_time = "10" craft_tool="toolCookingPot" >
	<ingredient name="resourceAnimalFat" count="5"/>
	<ingredient name="foodCornMeal" count="2"/>
</recipe>

<recipe name="Naoyans Yakitori" count="1" craft_area="campfire" craft_time = "10" craft_tool="toolCookingGrill" >
	<ingredient name="foodRawMeat" count="5"/>
	<ingredient name="resourceAnimalFat" count="5"/>
	<ingredient name="foodCornMeal" count="2"/>
	<ingredient name="foodCanChili" count="1"/>
</recipe>

<recipe name="BunnyNZs Bacon And Egg Pie" count="1" craft_area="campfire" craft_time = "10" craft_tool="toolCookingPot" >
	<ingredient name="foodRawMeat" count="4"/>
	<ingredient name="resourceAnimalFat" count="4"/>
	<ingredient name="foodCornMeal" count="4"/>
	<ingredient name="foodEgg" count="4"/>
</recipe>

<recipe name="Curmudgeons Beef Chili Pie" count="1" craft_area="campfire" craft_time = "10" craft_tool="toolCookingPot" >
	<ingredient name="foodCanLamb" count="2"/>
	<ingredient name="foodRawMeat" count="4"/>
	<ingredient name="foodCornMeal" count="2"/>
	<ingredient name="foodCropPotato" count="2"/>
	<ingredient name="foodCanChili" count="1"/>
</recipe>

<recipe name="Grabbys Chilli Cheese Fries" count="1" craft_area="campfire" craft_time = "10" craft_tool="toolCookingPot" >
	<ingredient name="resourceAnimalFat" count="5"/>
	<ingredient name="foodCropPotato" count="5"/>
	<ingredient name="foodCanChili" count="1"/>
</recipe>

<recipe name="RabidAries Cute Chick Pie" count="1" craft_area="campfire" craft_time = "10" craft_tool="toolCookingGrill" >
	<ingredient name="resourceAnimalFat" count="5"/>
    <ingredient name="BabyChick" count="10"/>
	<ingredient name="foodCropPotato" count="4"/>
	<ingredient name="foodCornMeal" count="4"/>
</recipe>

<recipe name="RyuSen101s Ramen Noodles" count="1" craft_area="campfire" craft_time = "10" craft_tool="toolCookingPot" >
	<ingredient name="foodCanStock" count="2"/>
	<ingredient name="foodEgg" count="4"/>
	<ingredient name="foodCornMeal" count="4"/>
</recipe>

<recipe name="ScyFangs Sweet Pumpkin Pie" count="1" craft_area="campfire" craft_time = "10" craft_tool="toolCookingGrill" >
	<ingredient name="foodCropPumpkin" count="4"/>
	<ingredient name="foodEgg" count="4"/>
	<ingredient name="foodCornMeal" count="4"/>
</recipe>

<recipe name="MajorZNations MeatFeast Pizza" count="1" craft_area="campfire" craft_time = "10" craft_tool="toolCookingGrill" >
	<ingredient name="resourceAnimalFat" count="10"/>
	<ingredient name="foodRawMeat" count="10"/>
	<ingredient name="foodShamSandwich" count="4"/>
	<ingredient name="foodCanBeef" count="2"/>
</recipe>

<recipe name="Tikkids Peppered Beef Strips" count="1" craft_area="campfire" craft_time = "10" craft_tool="toolCookingGrill" >
	<ingredient name="resourceAnimalFat" count="10"/>
	<ingredient name="foodRawMeat" count="10"/>
	<ingredient name="foodCanChili" count="1"/>
	<ingredient name="foodCornMeal" count="2"/>
</recipe>

<recipe name="Inxanitys Taco Surprise" count="1" craft_area="campfire" craft_time = "10" craft_tool="toolCookingGrill" >
	<ingredient name="foodCropPotato" count="4"/>
	<ingredient name="foodShamSandwich" count="1"/>
	<ingredient name="resourceAnimalFat" count="10"/>
	<ingredient name="foodRawMeat" count="10"/>
</recipe>

<recipe name="Coachs Chilli Donner Kebab" count="1" craft_area="campfire" craft_time = "10" craft_tool="toolCookingGrill" >
	<ingredient name="foodCornMeal" count="2"/>
	<ingredient name="foodCanChili" count="1"/>
	<ingredient name="foodCanLamb" count="2"/>
	<ingredient name="foodRawMeat" count="10"/>
</recipe>

<recipe name="TwistedAngels Peach Cobbler" count="1" craft_area="campfire" craft_time = "10" craft_tool="toolCookingPot" >
	<ingredient name="drinkJarEmpty" count="1"/>
	<ingredient name="foodCanPears" count="1"/>
	<ingredient name="foodHoney" count="2"/>
	<ingredient name="foodEgg" count="4"/>
	<ingredient name="foodCornMeal" count="4"/>
</recipe>

<recipe name="Takayans Sashimi" count="1" craft_area="campfire" craft_time = "10" craft_tool="toolCookingGrill" >
	<ingredient name="foodCanSalmon" count="1"/>
	<ingredient name="foodCanStock" count="1"/>
</recipe>

<recipe name="Pikalyns Patbingsu" count="1" craft_time="30">
	<ingredient name="drinkJarEmpty" count="1"/>
	<ingredient name="foodCanPears" count="1"/>
	<ingredient name="foodHoney" count="2"/>
	<ingredient name="foodCropBlueberries" count="30"/>
	<ingredient name="resourceSnowBall" count="100"/>
</recipe>

</append>
</configs>