<configs>

	<append xpath="/Sounds">

		<SoundDataNode name="FishWasCaughtCaught">
			<AudioSource name="Sounds/AudioSource_Reloads"/>
			<AudioClip ClipName="Sounds/Misc/water_emerge1"/>
			<AudioClip ClipName="Sounds/Misc/water_emerge2"/>
			<AudioClip ClipName="Sounds/Misc/water_emerge3"/>
			<AudioClip ClipName="Sounds/Misc/water_emerge4"/>
			<LowestPitch name="0.9"/>
			<HighestPitch name="1.0"/>
			<LocalCrouchVolumeScale value="0.5"/>
			<CrouchNoiseScale value="1"/>
			<NoiseScale value="1"/>
			<MaxVoices value="10"/>
			<MaxRepeatRate value=".3"/>
		</SoundDataNode>

		<SoundDataNode name="FishingPoleCast">
			<AudioSource name="Sounds/AudioSource_WeaponFire"/>
			<NetworkAudioSource name="Sounds/AudioSource_WeaponFire_Network"/>
			<AudioClip ClipName="#@modfolder:Resources/MeanCloudFishing.unity3d?FishingCast"/>
			<Priority name="3"/>
			<maxVoicesPerEntity value="10"/>
			<LowestPitch name="0.95"/>
			<HighestPitch name="1.05"/>
			<LocalCrouchVolumeScale value="1.0"/>
			<CrouchNoiseScale value="0.5"/>
			<NoiseScale value="1"/>
			<MaxVoices value="10"/>
			<MaxRepeatRate value=".1"/>
		</SoundDataNode>

		<SoundDataNode name="FishingPoleCatch">
			<AudioSource name="Sounds/AudioSource_WeaponFire"/>
			<NetworkAudioSource name="Sounds/AudioSource_WeaponFire_Network"/>
			<AudioClip ClipName="#@modfolder:Resources/MeanCloudFishing.unity3d?WaterSplash"/>
			<Priority name="3"/>
			<maxVoicesPerEntity value="10"/>
			<LowestPitch name="0.95"/>
			<HighestPitch name="1.05"/>
			<LocalCrouchVolumeScale value="1.0"/>
			<CrouchNoiseScale value="0.5"/>
			<NoiseScale value="1"/>
			<MaxVoices value="10"/>
			<MaxRepeatRate value=".1"/>
		</SoundDataNode>

		<SoundDataNode name="FishingReelShort">
			<AudioSource name="Sounds/AudioSource_WeaponFire"/>
			<NetworkAudioSource name="Sounds/AudioSource_WeaponFire_Network"/>
			<AudioClip ClipName="#@modfolder:Resources/MeanCloudFishing.unity3d?FishingReel"/>
			<Priority name="3"/>
			<maxVoicesPerEntity value="20"/>
			<LowestPitch name="0.95"/>
			<HighestPitch name="1.05"/>
			<LocalCrouchVolumeScale value="1.0"/>
			<CrouchNoiseScale value="0.5"/>
			<NoiseScale value="1"/>
			<MaxVoices value="20"/>
			<MaxRepeatRate value=".1"/>
		</SoundDataNode>

	</append>

</configs>
