<configs>
	<append xpath="/recipes">
	
		<recipe name="vehicleStallionchassis" count="1" craft_area="workbench" tags="perkGreaseMonkey,learnable,workbenchCrafting">
			<ingredient name="resourceElectricParts" count="20"/>
			<ingredient name="resourceForgedSteel" count="300"/>
	        <ingredient name="resourceMechanicalParts" count="50"/>
	        <ingredient name="resourceDuctTape" count="40"/>
	        <ingredient name="resourceMetalPipe" count="50"/>
		</recipe>
		
		<recipe name="vehicleStallionaccessories" count="1" craft_area="workbench" tags="perkGreaseMonkey,learnable,workbenchCrafting">
			<ingredient name="resourceForgedSteel" count="50"/>
	        <ingredient name="resourceMechanicalParts" count="10"/>
	        <ingredient name="resourceLeather" count="50"/>
	        <ingredient name="resourceElectricParts" count="40"/>
	        <ingredient name="resourceHeadlight" count="2"/>
		</recipe>
	
		<recipe name="vehicleStalliongreenplaceable" count="1" craft_area="workbench" craft_time="60" tags="workbenchCrafting">
			<ingredient name="vehicleWheels" count="4"/>
			<ingredient name="vehicleStallionaccessories" count="1"/>
			<ingredient name="vehicleStallionchassis" count="1"/>
			<ingredient name="smallEngine" count="1"/>
	        <ingredient name="carBattery" count="1"/>
		</recipe>
		
		<recipe name="vehicleStallionredplaceable" count="1" craft_area="workbench" craft_time="60" tags="workbenchCrafting">
			<ingredient name="vehicleWheels" count="4"/>
			<ingredient name="vehicleStallionaccessories" count="1"/>
			<ingredient name="vehicleStallionchassis" count="1"/>
			<ingredient name="smallEngine" count="1"/>
	        <ingredient name="carBattery" count="1"/>
		</recipe>
		
		<recipe name="vehicleStallionblueplaceable" count="1" craft_area="workbench" craft_time="60" tags="workbenchCrafting">
			<ingredient name="vehicleWheels" count="4"/>
			<ingredient name="vehicleStallionaccessories" count="1"/>
			<ingredient name="vehicleStallionchassis" count="1"/>
			<ingredient name="smallEngine" count="1"/>
	        <ingredient name="carBattery" count="1"/>
		</recipe>
		
		<recipe name="vehicleStallionwhiteplaceable" count="1" craft_area="workbench" craft_time="60" tags="workbenchCrafting">
			<ingredient name="vehicleWheels" count="4"/>
			<ingredient name="vehicleStallionaccessories" count="1"/>
			<ingredient name="vehicleStallionchassis" count="1"/>
			<ingredient name="smallEngine" count="1"/>
	        <ingredient name="carBattery" count="1"/>
		</recipe>
						
	</append>
 </configs>