<MeanCloud_Fishing_And_Pumpkins>

	<append xpath="/lootcontainers/lootgroup[@name='groupFoodCommon']">
		<item name="Vinegar" count="1,2" prob="0.2" />
		<item name="Pickled Fish" count="1" prob="0.08" />
	</append>

	<append xpath="/lootcontainers/lootgroup[@name='groupFoodUncommon']">
		<item name="Raw Fish" count="1,5" prob="0.7" />
		<item name="Prawn" count="3,10" prob="0.42" />
	</append>

	<append xpath="/lootcontainers/lootgroup[@name='groupToolsT0']">
		<item name="Fishing Rod" count="1" prob="0.15" />
	</append>

	<append xpath="/lootcontainers/lootgroup[@name='groupToolsT1']">
		<item name="Fishing Rod" count="1" prob="0.25" />
	</append>

	<append xpath="/lootcontainers/lootgroup[@name='groupToolsT2']">
		<item name="fishTrapItem" count="1" prob="0.45" />
		<item name="Fine Fishing Rod" count="1" prob="0.5" />
	</append>

	<append xpath="/lootcontainers/lootgroup[@name='groupToolsT3']">
		<item name="fishTrapItem" count="1" prob="0.65" />
		<item name="Fine Fishing Rod" count="1" prob="0.8" />
	</append>

	<append xpath="/lootcontainers/lootgroup[@name='schematicsToolsCommon']">
		<item name="fishTrapItemSchematic" prob="0.6" />
		<item name="fishingRodSchematic" prob="0.8" />
	</append>

	<append xpath="/lootcontainers/lootgroup[@name='schematicsToolsRare']">
		<item name="fishingRodSchematic" prob="1.2" />
		<item name="fineFishingRodSchematic" />
	</append>

	<append xpath="/lootcontainers/lootgroup[@name='farmingCookingRecipesT0']">
		<item name="foodFishSoupSchematic" />
	</append>

	<append xpath="/lootcontainers/lootgroup[@name='farmingCookingRecipesT1']">
		<item name="foodPickledFishSchematic" />
		<item name="foodSurfAndTurfSchematic" />
	</append>

	<append xpath="/lootcontainers/lootgroup[@name='farmingCookingRecipesT2']">
		<item name="foodFishTacosFreshSchematic" />
		<item name="foodFishAndChipsSchematic" />
	</append>

	<!-- cardboard boxes -->
	<append xpath="/lootcontainers/lootcontainer[@id='15']">
		<item name="Fishing Rod" count="2" prob="0.03" />
	</append>

	<!-- cars -->
	<append xpath="/lootcontainers/lootcontainer[@id='19']">
		<item name="Fishing Rod" count="2" prob="0.15" />
	</append>

	<!-- garage stuff -->
	<append xpath="/lootcontainers/lootcontainer[@id='22']">
		<item name="Fishing Rod" count="2" prob="0.05" />
	</append>

	<append xpath="/lootcontainers">

		<!-- fishing trap -->
		<!-- Credit to doughphungus: Changed from 361 as it conflicts with White River Tools of Citizenship packs, in A19 -->
		<lootcontainer id="726" name="cntMod_MeanCloudFishing_FishingTrap" count="3,7" size="6,3" sound_open="bucketplace_water" sound_close="SlowSwoosh" destroy_on_close="true" loot_quality_template="qualBaseTemplate">
			<item name="Raw Fish" count="1,2" prob="0.50"/>
			<item name="Raw Fish" count="1,2" prob="0.25"/>
			<item name="Raw Fish" count="1,2" prob="0.15"/>
			<item name="Prawn" count="1,4" prob="0.30"/>
			<item name="Prawn" count="2,6" prob="0.12"/>
			<item name="Rotten Fish" count="1,2" prob="0.25"/>
			<item name="Rotten Fish" count="1" prob="0.10"/>
			<item name="resourceCloth" count="1,2" prob="0.015"/>
			<item name="resourceLeather" count="1" prob="0.01"/>
			<item name="resourcePaper" count="1,2" prob="0.005"/>
			<item name="oldCash" count="1" prob="0.0005"/>
			<item name="resourceYuccaFibers" count="1,2" prob="0.025"/>
			<item name="drinkCanEmpty" count="1" prob="0.005"/>
			<item name="resourceBone" count="1" prob="0.0025"/>
			<item name="armorClothBoots" count="1" prob="0.0005"/>
			<item name="armorLeatherBoots" count="1" prob="0.0003"/>
			<item name="armorScrapBoots" count="1" prob="0.0002"/>
			<item name="apparelWornBoots" count="1" prob="0.0005"/>
			<item name="apparelRunningShoesRegular" count="1" prob="0.0005"/>
			<item name="apparelRunningShoesHP" count="1" prob="0.0002"/>
			<item name="apparelCowboyBoots" count="1" prob="0.0003"/>
			<item name="apparelGothBoots" count="1" prob="0.0001"/>
			<item name="apparelSuitDressShoes" count="1" prob="0.00007"/>
			<item name="apparelPlantFiberShoes" count="1" prob="0.0003"/>
			<item name="armorIronBoots" count="1" prob="0.0001"/>
		</lootcontainer>
	</append>

</MeanCloud_Fishing_And_Pumpkins>
