<MeanCloud_Fishing_And_Pumpkins>

	<!-- allow stuff with a 'Weight' value that's organic 'mfoodRawMeat' material to be scrapped -->
	<append xpath="/materials/material[@id='MfoodRawMeat']">
		<property name="forge_category" value="foodRottingFlesh" />
	</append>

	<append xpath="/materials">

		<material id="MfishingSpear">
			<property name="damage_category" value="stone"/>
			<property name="surface_category" value="stone"/>
			<property name="forge_category" value="stone"/>
			<property name="Hardness" type="float" value="1"/>
			<property name="stepsound" value="stone"/>
			<property name="StabilitySupport" value="false"/>
			<property name="stability_glue" value="10"/>
			<property name="Mass" type="int" value="10"/>
			<property name="MaxDamage" value="200"/>
			<property name="Experience" value="2"/>
		</material>

		<material id="Mfishingcache">
			<property name="damage_category" value="organic"/>
			<property name="surface_category" value="organic"/>
			<property name="particle_category" value="organic"/>
			<property name="Hardness" type="float" value="1"/>
			<property name="stepsound" value="organic"/>
			<property name="fertile_level" value="0"/>
			<property name="stability_glue" value="0"/>
			<property name="Mass" type="int" value="1"/>
			<property name="StabilitySupport" value="false"/>
			<property name="movement_factor" value="0.5"/>
			<property name="MaxDamage" value="1"/>
			<property name="Experience" value="20"/>
		</material>

		<material id="Mfishingnet">
			<property name="damage_category" value="cloth"/>
			<property name="surface_category" value="cloth"/>
			<property name="forge_category" value="cloth"/>
			<property name="Hardness" type="float" value="1"/>
			<property name="explosionresistance" value="0.01"/>
			<property name="stepsound" value="cloth"/>
			<property name="lightopacity" value="4"/>
			<property name="stability_glue" value="0"/>
			<property name="Mass" type="int" value="1"/>
			<property name="StabilitySupport" value="false"/>
			<property name="MaxDamage" value="50"/>
			<property name="Experience" value="2"/>
		</material>

	</append>

</MeanCloud_Fishing_And_Pumpkins>