<configs>
	<!-- Vanilla Tweaks -->
	<set xpath="/items/item[@name='vehicle4x4TruckPlaceable']/effect_group/passive_effect[@name='DegradationMax'][@value='7500']/@value">3000</set>
	<set xpath="/items/item[@name='vehicleGyrocopterPlaceable']/effect_group/passive_effect[@name='DegradationMax'][@value='3000']/@value">2000</set>
	<set xpath="/items/item[@name='vehicleMotorcyclePlaceable']/effect_group/passive_effect[@name='DegradationMax'][@value='6000']/@value">1500</set>
	<set xpath="/items/item[@name='vehicleBicyclePlaceable']/effect_group/passive_effect[@name='DegradationMax'][@value='1500']/@value">500</set>
	<set xpath="/items/item[@name='vehicleMinibikePlaceable']/effect_group/passive_effect[@name='DegradationMax'][@value='3000']/@value">1500</set>
	<append xpath="/items">
		<item name="vehicleStallionchassis">
			<property name="Extends" value="vehicleWheels"/>
			<property name="UnlockedBy" value="perkGreaseMonkey,vehicleStallionchassisSchematic"/>
			<property name="CustomIcon" value="Schassis"/>
			<property name="DescriptionKey" value="vehicleStallionchassisDesc"/>
			<property name="EconomicValue" value="10000"/>
		</item>
		<item name="vehicleStallionchassisSchematic">
			<property name="Extends" value="schematicNoQualityMaster"/>
			<property name="CreativeMode" value="Player"/>
			<property name="CustomIcon" value="Schassis"/>
			<property name="Unlocks" value="vehicleStallionchassis"/>
			<effect_group tiered="false">
				<triggered_effect trigger="onSelfPrimaryActionEnd" action="ModifyCVar" cvar="vehicleStallionchassis" operation="set" value="1"/>
				<triggered_effect trigger="onSelfPrimaryActionEnd" action="ModifyCVar" cvar="vehicleWheels" operation="set" value="1"/>
				<triggered_effect trigger="onSelfPrimaryActionEnd" action="GiveExp" exp="50"/>
			</effect_group>
		</item>
		<item name="vehicleStallionaccessoriesSchematic">
			<property name="Extends" value="schematicNoQualityMaster"/>
			<property name="CreativeMode" value="Player"/>
			<property name="CustomIcon" value="Saccessories"/>
			<property name="Unlocks" value="vehicleStallionaccessories"/>
			<effect_group tiered="false">
				<triggered_effect trigger="onSelfPrimaryActionEnd" action="ModifyCVar" cvar="vehicleStallionaccessories" operation="set" value="1"/>
				<triggered_effect trigger="onSelfPrimaryActionEnd" action="ModifyCVar" cvar="vehicleWheels" operation="set" value="1"/>
				<triggered_effect trigger="onSelfPrimaryActionEnd" action="GiveExp" exp="50"/>
			</effect_group>
		</item>
		<item name="vehicleStallionaccessories">
			<property name="Extends" value="vehicleWheels"/>
			<property name="UnlockedBy" value="perkGreaseMonkey,vehicleStallionaccessoriesSchematic"/>
			<property name="CustomIcon" value="Saccessories"/>
			<property name="DescriptionKey" value="vehicleStallionaccessoriesDesc"/>
			<property name="EconomicValue" value="10000"/>
		</item>
		<item name="vehicleStalliongreenplaceable">
			<property name="Extends" value="vehicle4x4TruckPlaceable"/>
			<property name="CustomIcon" value="Sgreen"/>
			<property name="DescriptionKey" value="vehicleStalliongreenplaceableDesc"/>
			<property name="Meshfile" value="#@modfolder:Resources/Stallion1.unity3d?Stalliongreen.prefab"/>
			<property name="EconomicValue" value="30000"/>
			<property class="Action1">
				<property name="Vehicle" value="vehicleStalliongreen"/>
				<property name="VehicleSize" value="4.7, 4.8, 5"/>
			</property>
			<effect_group name="Base Effects">
				<passive_effect name="ModSlots" operation="base_set" value="4"/>
				<passive_effect name="ModPowerBonus" operation="base_add" value="300" tags="EconomicValue"/>
				<passive_effect name="DegradationMax" operation="base_set" value="3000"/>
			</effect_group>
		</item>
		<item name="vehicleStallionredplaceable">
			<property name="Extends" value="vehicle4x4TruckPlaceable"/>
			<property name="CustomIcon" value="Sred"/>
			<property name="DescriptionKey" value="vehicleStallionredplaceableDesc"/>
			<property name="Meshfile" value="#@modfolder:Resources/Stallion1.unity3d?Stallionred.prefab"/>
			<property name="EconomicValue" value="30000"/>
			<property class="Action1">
				<property name="Vehicle" value="vehicleStallionred"/>
				<property name="VehicleSize" value="4.7, 4.8, 5"/>
			</property>
			<effect_group name="Base Effects">
				<passive_effect name="ModSlots" operation="base_set" value="4"/>
				<passive_effect name="ModPowerBonus" operation="base_add" value="300" tags="EconomicValue"/>
				<passive_effect name="DegradationMax" operation="base_set" value="3000"/>
			</effect_group>
		</item>
		<item name="vehicleStallionblueplaceable">
			<property name="Extends" value="vehicle4x4TruckPlaceable"/>
			<property name="CustomIcon" value="Sblue"/>
			<property name="DescriptionKey" value="vehicleStallionblueplaceableDesc"/>
			<property name="Meshfile" value="#@modfolder:Resources/Stallion1.unity3d?Stallionblue.prefab"/>
			<property name="EconomicValue" value="30000"/>
			<property class="Action1">
				<property name="Vehicle" value="vehicleStallionblue"/>
				<property name="VehicleSize" value="4.7, 4.8, 5"/>
			</property>
			<effect_group name="Base Effects">
				<passive_effect name="ModSlots" operation="base_set" value="4"/>
				<passive_effect name="ModPowerBonus" operation="base_add" value="300" tags="EconomicValue"/>
				<passive_effect name="DegradationMax" operation="base_set" value="3000"/>
			</effect_group>
		</item>
		<item name="vehicleStallionwhiteplaceable">
			<property name="Extends" value="vehicle4x4TruckPlaceable"/>
			<property name="CustomIcon" value="Swhite"/>
			<property name="DescriptionKey" value="vehicleStallionwhiteplaceableDesc"/>
			<property name="Meshfile" value="#@modfolder:Resources/Stallion1.unity3d?Stallionwhite.prefab"/>
			<property name="EconomicValue" value="30000"/>
			<property class="Action1">
				<property name="Vehicle" value="vehicleStallionwhite"/>
				<property name="VehicleSize" value="4.7, 4.8, 5"/>
			</property>
			<effect_group name="Base Effects">
				<passive_effect name="ModSlots" operation="base_set" value="4"/>
				<passive_effect name="ModPowerBonus" operation="base_add" value="300" tags="EconomicValue"/>
				<passive_effect name="DegradationMax" operation="base_set" value="3000"/>
			</effect_group>
		</item>
	</append>
</configs>