<configs>
	<insertBefore xpath="/lootcontainers/lootgroup[@name='groupScrapCommon']">
		<lootgroup name="Stalliongroup">
			<item name="vehicleStallionchassis"/>
			<item name="vehicleStallionaccessories"/>
		</lootgroup>	
	</insertBefore>
	<append xpath="/lootcontainers/lootgroup[@name='vehiclePartsTiered']">
		<item group="Stalliongroup" loot_prob_template="ProbT3"/>
	</append>
	<append xpath="/lootcontainers/lootgroup[@name='schematicsVehiclesT2']">
		<item name="vehicleStallionchassisSchematic"/>
		<item name="vehicleStallionaccessoriesSchematic"/>
	</append>
</configs>