<configs>
	<append xpath="/vehicles">
		<vehicle name="vehicleStalliongreen">
			<property name="cameraDistance" value="7.5, 7"/>
			<property name="cameraTurnRate" value=".2, .35"/>
			<property name="motorTorqueMinQ" value="3000"/>
			<property name="motorTorqueMaxQ" value="4000"/>
			<property name="brakeTorque" value="2000"/>
			<property name="upAngleMax" value="70"/>
			<property name="upForce" value="1"/>
			<property name="steerRate" value="130"/>
			<property name="steerCenteringRate" value="90"/>
			<property name="tiltAngleMax" value="80"/>
			<property name="tiltThreshold" value="3"/>
			<property name="tiltDampening" value=".22"/>
			<property name="tiltDampenThreshold" value="8"/>
			<property name="tiltUpForce" value="0"/>
			<property name="hopForce" value="1"/>
			<property name="unstickForce" value="1"/>
			<property name="velocityMax" value="17, 17"/>
			<property name="waterDrag_y_velScale_velMaxScale" value="1.8, .9, .1"/>
			<property name="wheelPtlScale" value="1"/>
			<property name="hornSound" value="Stallcar_horn"/>
			<property class="battery">
				<property name="class" value="Battery"/>
				<property name="slot_type" value="battery"/>
				<property name="mesh" value="battery"/>
				<property name="transform" value="battery"/>
				<property name="parent_part" value="chassis"/>
			</property>
			<property class="chassis">
				<property name="class" value="Chassis"/>
				<property name="display_name" value="chassis"/>
				<property name="slot_type" value="chassis"/>
				<property name="mesh" value="chassis"/>
				<property name="transform" value="Origin"/>
				<property name="paint" value="Car1"/>
			</property>
			<property class="engine">
				<property name="class" value="Engine"/>
				<property name="foodDrain" value=".003,.003"/>
				<property name="slot_type" value="engine"/>
				<property name="mesh" value="engine_small"/>
				<property name="transform" value="engine_small"/>
				<property name="particle_transform" value="engine_small/MinibikeParticles/p_engine_fire"/>
				<property name="fuelKmPerL" value="0.09"/>
				<property name="gear1" value="
								500,2500, -1400,800,0, 700,2200,900,
								,
								Vehicles/Suv/suv_decel1,
								0, .7, 1, .1, 0, 0, .1, StallmodernV8_idle,
								-.4, -.02, .3, .3, -.2, 9, .2, StallmodernV8_max_speed_lp
								"/>
				<property name="gear2" value="
								500,2500, -2000,1000,2000, 600,2200,800,
								,
								Vehicles/Suv/suv_decel1,
								-.25, -.05, .2, .3, -1, 1, .1, StallmodernV8_max_speed_lp
								"/>
				<property name="gear3" value="
								500,2500, -2000,1000,2000, 500,2200,1000,
								,
								Vehicles/Suv/suv_decel1,
								-.28, -.07, .3, .3, -1, 1, .1, StallmodernV8_max_speed_lp
								"/>
				<property name="gear4" value="
								500,2500, -2000,1000,2000, 500,9999,9999,
								,
								Vehicles/Suv/suv_decel1,
								-.31, -.08, .3, .18, -1, 1, .1, StallmodernV8_max_speed_lp
								"/>
				<property name="sound_start" value="StallmodernV8_startup"/>
				<property name="sound_shut_off" value="Vehicles/Suv/suv_shutoff"/>
				<property name="sound_no_fuel_shut_off" value="Vehicles/Motorbike/motorbike_empty"/>
				<property name="parent_part" value="chassis"/>
			</property>
			<property class="exhaust">
				<property name="class" value="Exhaust"/>
				<property name="parent_part" value="engine"/>
				<property name="particle_transform" value="engine_small/MinibikeParticles/p_engine"/>
			</property>
			<property class="fuelTank">
				<property name="class" value="FuelTank"/>
				<property name="parent_part" value="engine"/>
				<property name="capacity" value="400"/>
			</property>
			<property class="handlebars">
				<property name="parent_part" value="chassis"/>
				<property name="class" value="Steering"/>
				<property name="slot_type" value="handlebars"/>
				<property name="transform" value="Origin/steering_joint"/>
				<property name="steerMaxAngle" value="75"/>
				<property name="IKHandLPosition" value="-.18, .08, -.05"/>
				<property name="IKHandLRotation" value="40.55, -13.433, 49.88"/>
				<property name="IKHandRPosition" value=".18, .08, -.05"/>
				<property name="IKHandRRotation" value="40.55, 13.433, -49.88"/>
			</property>
			<property class="seat0">
				<property name="position" value="-.44, .39, .80"/>
				<property name="rotation" value="-60, 0, 0"/>
				<property name="exit" value="-1.6,0,0 ~ 1.6,0,-1 ~ -.4,0,-2.8 ~ -.4,0,2.6 ~ -.4,2.1,0"/>
			</property>
			<property class="seat1">
				<property name="class" value="Seat"/>
				<property name="position" value=".44, .39, .80"/>
				<property name="rotation" value="-60, 0, 0"/>
				<property name="exit" value="-.9,0,-.7 ~ .9,0,-.7 ~ -.6,0,-1.5 ~ -.6,0,1.6 ~ 0,1.5,-.6"/>
				<property name="IKHandLPosition" value="-.27, .87, .14"/>
				<property name="IKHandLRotation" value="41, -30, 18"/>
				<property name="IKHandRPosition" value=".27, .87, .14"/>
				<property name="IKHandRRotation" value="41, 30, -18"/>
			</property>
			<property class="seat2">
				<property name="class" value="Seat"/>
				<property name="position" value="-.44, .39, .80"/>
				<property name="rotation" value="-60, 0, 0"/>
				<property name="exit" value="-.9,0,-.7 ~ .9,0,-.7 ~ -.6,0,-1.5 ~ -.6,0,1.6 ~ 0,1.5,-.6"/>
				<property name="mod" value="1"/>
				<property name="IKHandLPosition" value="-.27, .87, .14"/>
				<property name="IKHandLRotation" value="41, -30, 18"/>
				<property name="IKHandRPosition" value=".27, .87, .14"/>
				<property name="IKHandRRotation" value="41, 30, -18"/>
			</property>
			<property class="seat3">
				<property name="class" value="Seat"/>
				<property name="position" value=".44, .39, .80"/>
				<property name="rotation" value="-60, 0, 0"/>
				<property name="exit" value="-.9,0,-.7 ~ .9,0,-.7 ~ -.6,0,-1.5 ~ -.6,0,1.6 ~ 0,1.5,-.6"/>
				<property name="mod" value="1"/>
				<property name="IKHandLPosition" value="-.27, .87, .14"/>
				<property name="IKHandLRotation" value="41, -30, 18"/>
				<property name="IKHandRPosition" value=".27, .87, .14"/>
				<property name="IKHandRRotation" value="41, 30, -18"/>
			</property>
			<property class="wheel0">
				<property name="parent_part" value="chassis"/>
				<property name="steerTransform" value="Origin/frontLeftWheelStear_joint"/>
				<property name="tireTransform" value="Origin/frontLeftWheelStear_joint/frontLeftWheel_joint"/>
				<property name="tireSuspensionPercent" value="1"/>
				<property name="torqueScale_motor_brake" value=".7, .8"/>
			</property>
			<property class="wheel1">
				<property name="parent_part" value="chassis"/>
				<property name="steerTransform" value="Origin/frontRightWheelStear_joint"/>
				<property name="tireTransform" value="Origin/frontRightWheelStear_joint/frontRightWheel_joint"/>
				<property name="tireSuspensionPercent" value="1"/>
				<property name="torqueScale_motor_brake" value=".7, .8"/>
			</property>
			<property class="wheel2">
				<property name="parent_part" value="chassis"/>
				<property name="tireTransform" value="Origin/backLeftWheelJoint"/>
				<property name="tireSuspensionPercent" value="1"/>
				<property name="torqueScale_motor_brake" value="1, 1"/>
			</property>
			<property class="wheel3">
				<property name="parent_part" value="chassis"/>
				<property name="tireTransform" value="Origin/backRightWheelJoint"/>
				<property name="tireSuspensionPercent" value="1"/>
				<property name="torqueScale_motor_brake" value="1, 1"/>
			</property>
			<property class="headlight">
				<property name="class" value="Headlight"/>
				<property name="parent_part" value="chassis"/>
				<property name="transform" value="Origin/headlight"/>
				<property name="bright" value=".75"/>
			</property>
			<property class="storage">
				<property name="class" value="Storage"/>
				<property name="display_name" value="basket"/>
				<property name="slot_type" value="basket"/>
				<property name="mesh" value="basket"/>
				<property name="transform" value="basket"/>
				<property name="parent_part" value="chassis"/>
			</property>
			<property class="exhaust">
				<property name="class" value="Exhaust"/>
				<property name="particle_transform" value="engine_small/MinibikeParticles/p_engine"/>
			</property>
		</vehicle>
		<vehicle name="vehicleStallionred">
			<property name="cameraDistance" value="7.5, 7"/>
			<property name="cameraTurnRate" value=".2, .35"/>
			<property name="motorTorqueMinQ" value="3000"/>
			<property name="motorTorqueMaxQ" value="4000"/>
			<property name="brakeTorque" value="2000"/>
			<property name="upAngleMax" value="70"/>
			<property name="upForce" value="1"/>
			<property name="steerRate" value="130"/>
			<property name="steerCenteringRate" value="90"/>
			<property name="tiltAngleMax" value="80"/>
			<property name="tiltThreshold" value="3"/>
			<property name="tiltDampening" value=".22"/>
			<property name="tiltDampenThreshold" value="8"/>
			<property name="tiltUpForce" value="0"/>
			<property name="hopForce" value="1"/>
			<property name="unstickForce" value="1"/>
			<property name="velocityMax" value="17, 17"/>
			<property name="waterDrag_y_velScale_velMaxScale" value="1.8, .9, .1"/>
			<property name="wheelPtlScale" value="1"/>
			<property name="hornSound" value="Stallcar_horn"/>
			<property class="battery">
				<property name="class" value="Battery"/>
				<property name="slot_type" value="battery"/>
				<property name="mesh" value="battery"/>
				<property name="transform" value="battery"/>
				<property name="parent_part" value="chassis"/>
			</property>
			<property class="chassis">
				<property name="class" value="Chassis"/>
				<property name="display_name" value="chassis"/>
				<property name="slot_type" value="chassis"/>
				<property name="mesh" value="chassis"/>
				<property name="transform" value="Origin"/>
				<property name="paint" value="Car1"/>
			</property>
			<property class="engine">
				<property name="class" value="Engine"/>
				<property name="foodDrain" value=".003,.003"/>
				<property name="slot_type" value="engine"/>
				<property name="mesh" value="engine_small"/>
				<property name="transform" value="engine_small"/>
				<property name="particle_transform" value="engine_small/MinibikeParticles/p_engine_fire"/>
				<property name="fuelKmPerL" value="0.09"/>
				<property name="gear1" value="
								500,2500, -1400,800,0, 700,2200,900,
								,
								Vehicles/Suv/suv_decel1,
								0, .7, 1, .1, 0, 0, .1, StallmodernV8_idle,
								-.4, -.02, .3, .3, -.2, 9, .2, StallmodernV8_max_speed_lp
								"/>
				<property name="gear2" value="
								500,2500, -2000,1000,2000, 600,2200,800,
								,
								Vehicles/Suv/suv_decel1,
								-.25, -.05, .2, .3, -1, 1, .1, StallmodernV8_max_speed_lp
								"/>
				<property name="gear3" value="
								500,2500, -2000,1000,2000, 500,2200,1000,
								,
								Vehicles/Suv/suv_decel1,
								-.28, -.07, .3, .3, -1, 1, .1, StallmodernV8_max_speed_lp
								"/>
				<property name="gear4" value="
								500,2500, -2000,1000,2000, 500,9999,9999,
								,
								Vehicles/Suv/suv_decel1,
								-.31, -.08, .3, .18, -1, 1, .1, StallmodernV8_max_speed_lp
								"/>
				<property name="sound_start" value="StallmodernV8_startup"/>
				<property name="sound_shut_off" value="Vehicles/Suv/suv_shutoff"/>
				<property name="sound_no_fuel_shut_off" value="Vehicles/Motorbike/motorbike_empty"/>
				<property name="parent_part" value="chassis"/>
			</property>
			<property class="exhaust">
				<property name="class" value="Exhaust"/>
				<property name="parent_part" value="engine"/>
				<property name="particle_transform" value="engine_small/MinibikeParticles/p_engine"/>
			</property>
			<property class="fuelTank">
				<property name="class" value="FuelTank"/>
				<property name="parent_part" value="engine"/>
				<property name="capacity" value="400"/>
			</property>
			<property class="handlebars">
				<property name="parent_part" value="chassis"/>
				<property name="class" value="Steering"/>
				<property name="slot_type" value="handlebars"/>
				<property name="transform" value="Origin/steering_joint"/>
				<property name="steerMaxAngle" value="75"/>
				<property name="IKHandLPosition" value="-.18, .08, -.05"/>
				<property name="IKHandLRotation" value="40.55, -13.433, 49.88"/>
				<property name="IKHandRPosition" value=".18, .08, -.05"/>
				<property name="IKHandRRotation" value="40.55, 13.433, -49.88"/>
			</property>
			<property class="seat0">
				<property name="position" value="-.44, .39, .80"/>
				<property name="rotation" value="-60, 0, 0"/>
				<property name="exit" value="-1.6,0,0 ~ 1.6,0,-1 ~ -.4,0,-2.8 ~ -.4,0,2.6 ~ -.4,2.1,0"/>
			</property>
			<property class="seat1">
				<property name="class" value="Seat"/>
				<property name="position" value=".44, .39, .80"/>
				<property name="rotation" value="-60, 0, 0"/>
				<property name="exit" value="-.9,0,-.7 ~ .9,0,-.7 ~ -.6,0,-1.5 ~ -.6,0,1.6 ~ 0,1.5,-.6"/>
				<property name="IKHandLPosition" value="-.27, .87, .14"/>
				<property name="IKHandLRotation" value="41, -30, 18"/>
				<property name="IKHandRPosition" value=".27, .87, .14"/>
				<property name="IKHandRRotation" value="41, 30, -18"/>
			</property>
			<property class="seat2">
				<property name="class" value="Seat"/>
				<property name="position" value="-.44, .39, .80"/>
				<property name="rotation" value="-60, 0, 0"/>
				<property name="exit" value="-.9,0,-.7 ~ .9,0,-.7 ~ -.6,0,-1.5 ~ -.6,0,1.6 ~ 0,1.5,-.6"/>
				<property name="mod" value="1"/>
				<property name="IKHandLPosition" value="-.27, .87, .14"/>
				<property name="IKHandLRotation" value="41, -30, 18"/>
				<property name="IKHandRPosition" value=".27, .87, .14"/>
				<property name="IKHandRRotation" value="41, 30, -18"/>
			</property>
			<property class="seat3">
				<property name="class" value="Seat"/>
				<property name="position" value=".44, .39, .80"/>
				<property name="rotation" value="-60, 0, 0"/>
				<property name="exit" value="-.9,0,-.7 ~ .9,0,-.7 ~ -.6,0,-1.5 ~ -.6,0,1.6 ~ 0,1.5,-.6"/>
				<property name="mod" value="1"/>
				<property name="IKHandLPosition" value="-.27, .87, .14"/>
				<property name="IKHandLRotation" value="41, -30, 18"/>
				<property name="IKHandRPosition" value=".27, .87, .14"/>
				<property name="IKHandRRotation" value="41, 30, -18"/>
			</property>
			<property class="wheel0">
				<property name="parent_part" value="chassis"/>
				<property name="steerTransform" value="Origin/frontLeftWheelStear_joint"/>
				<property name="tireTransform" value="Origin/frontLeftWheelStear_joint/frontLeftWheel_joint"/>
				<property name="tireSuspensionPercent" value="1"/>
				<property name="torqueScale_motor_brake" value=".7, .8"/>
			</property>
			<property class="wheel1">
				<property name="parent_part" value="chassis"/>
				<property name="steerTransform" value="Origin/frontRightWheelStear_joint"/>
				<property name="tireTransform" value="Origin/frontRightWheelStear_joint/frontRightWheel_joint"/>
				<property name="tireSuspensionPercent" value="1"/>
				<property name="torqueScale_motor_brake" value=".7, .8"/>
			</property>
			<property class="wheel2">
				<property name="parent_part" value="chassis"/>
				<property name="tireTransform" value="Origin/backLeftWheelJoint"/>
				<property name="tireSuspensionPercent" value="1"/>
				<property name="torqueScale_motor_brake" value="1, 1"/>
			</property>
			<property class="wheel3">
				<property name="parent_part" value="chassis"/>
				<property name="tireTransform" value="Origin/backRightWheelJoint"/>
				<property name="tireSuspensionPercent" value="1"/>
				<property name="torqueScale_motor_brake" value="1, 1"/>
			</property>
			<property class="headlight">
				<property name="class" value="Headlight"/>
				<property name="parent_part" value="chassis"/>
				<property name="transform" value="Origin/headlight"/>
				<property name="bright" value=".75"/>
			</property>
			<property class="storage">
				<property name="class" value="Storage"/>
				<property name="display_name" value="basket"/>
				<property name="slot_type" value="basket"/>
				<property name="mesh" value="basket"/>
				<property name="transform" value="basket"/>
				<property name="parent_part" value="chassis"/>
			</property>
			<property class="exhaust">
				<property name="class" value="Exhaust"/>
				<property name="particle_transform" value="engine_small/MinibikeParticles/p_engine"/>
			</property>
		</vehicle>
		<vehicle name="vehicleStallionblue">
			<property name="cameraDistance" value="7.5, 7"/>
			<property name="cameraTurnRate" value=".2, .35"/>
			<property name="motorTorqueMinQ" value="3000"/>
			<property name="motorTorqueMaxQ" value="4000"/>
			<property name="brakeTorque" value="2000"/>
			<property name="upAngleMax" value="70"/>
			<property name="upForce" value="1"/>
			<property name="steerRate" value="130"/>
			<property name="steerCenteringRate" value="90"/>
			<property name="tiltAngleMax" value="80"/>
			<property name="tiltThreshold" value="3"/>
			<property name="tiltDampening" value=".22"/>
			<property name="tiltDampenThreshold" value="8"/>
			<property name="tiltUpForce" value="0"/>
			<property name="hopForce" value="1"/>
			<property name="unstickForce" value="1"/>
			<property name="velocityMax" value="17, 17"/>
			<property name="waterDrag_y_velScale_velMaxScale" value="1.8, .9, .1"/>
			<property name="wheelPtlScale" value="1"/>
			<property name="hornSound" value="Stallcar_horn"/>
			<property class="battery">
				<property name="class" value="Battery"/>
				<property name="slot_type" value="battery"/>
				<property name="mesh" value="battery"/>
				<property name="transform" value="battery"/>
				<property name="parent_part" value="chassis"/>
			</property>
			<property class="chassis">
				<property name="class" value="Chassis"/>
				<property name="display_name" value="chassis"/>
				<property name="slot_type" value="chassis"/>
				<property name="mesh" value="chassis"/>
				<property name="transform" value="Origin"/>
				<property name="paint" value="Car1"/>
			</property>
			<property class="engine">
				<property name="class" value="Engine"/>
				<property name="foodDrain" value=".003,.003"/>
				<property name="slot_type" value="engine"/>
				<property name="mesh" value="engine_small"/>
				<property name="transform" value="engine_small"/>
				<property name="particle_transform" value="engine_small/MinibikeParticles/p_engine_fire"/>
				<property name="fuelKmPerL" value="0.09"/>
				<property name="gear1" value="
								500,2500, -1400,800,0, 700,2200,900,
								,
								Vehicles/Suv/suv_decel1,
								0, .7, 1, .1, 0, 0, .1, StallmodernV8_idle,
								-.4, -.02, .3, .3, -.2, 9, .2, StallmodernV8_max_speed_lp
								"/>
				<property name="gear2" value="
								500,2500, -2000,1000,2000, 600,2200,800,
								,
								Vehicles/Suv/suv_decel1,
								-.25, -.05, .2, .3, -1, 1, .1, StallmodernV8_max_speed_lp
								"/>
				<property name="gear3" value="
								500,2500, -2000,1000,2000, 500,2200,1000,
								,
								Vehicles/Suv/suv_decel1,
								-.28, -.07, .3, .3, -1, 1, .1, StallmodernV8_max_speed_lp
								"/>
				<property name="gear4" value="
								500,2500, -2000,1000,2000, 500,9999,9999,
								,
								Vehicles/Suv/suv_decel1,
								-.31, -.08, .3, .18, -1, 1, .1, StallmodernV8_max_speed_lp
								"/>
				<property name="sound_start" value="StallmodernV8_startup"/>
				<property name="sound_shut_off" value="Vehicles/Suv/suv_shutoff"/>
				<property name="sound_no_fuel_shut_off" value="Vehicles/Motorbike/motorbike_empty"/>
				<property name="parent_part" value="chassis"/>
			</property>
			<property class="exhaust">
				<property name="class" value="Exhaust"/>
				<property name="parent_part" value="engine"/>
				<property name="particle_transform" value="engine_small/MinibikeParticles/p_engine"/>
			</property>
			<property class="fuelTank">
				<property name="class" value="FuelTank"/>
				<property name="parent_part" value="engine"/>
				<property name="capacity" value="400"/>
			</property>
			<property class="handlebars">
				<property name="parent_part" value="chassis"/>
				<property name="class" value="Steering"/>
				<property name="slot_type" value="handlebars"/>
				<property name="transform" value="Origin/steering_joint"/>
				<property name="steerMaxAngle" value="75"/>
				<property name="IKHandLPosition" value="-.18, .08, -.05"/>
				<property name="IKHandLRotation" value="40.55, -13.433, 49.88"/>
				<property name="IKHandRPosition" value=".18, .08, -.05"/>
				<property name="IKHandRRotation" value="40.55, 13.433, -49.88"/>
			</property>
			<property class="seat0">
				<property name="position" value="-.44, .39, .80"/>
				<property name="rotation" value="-60, 0, 0"/>
				<property name="exit" value="-1.6,0,0 ~ 1.6,0,-1 ~ -.4,0,-2.8 ~ -.4,0,2.6 ~ -.4,2.1,0"/>
			</property>
			<property class="seat1">
				<property name="class" value="Seat"/>
				<property name="position" value=".44, .39, .80"/>
				<property name="rotation" value="-60, 0, 0"/>
				<property name="exit" value="-.9,0,-.7 ~ .9,0,-.7 ~ -.6,0,-1.5 ~ -.6,0,1.6 ~ 0,1.5,-.6"/>
				<property name="IKHandLPosition" value="-.27, .87, .14"/>
				<property name="IKHandLRotation" value="41, -30, 18"/>
				<property name="IKHandRPosition" value=".27, .87, .14"/>
				<property name="IKHandRRotation" value="41, 30, -18"/>
			</property>
			<property class="seat2">
				<property name="class" value="Seat"/>
				<property name="position" value="-.44, .39, .80"/>
				<property name="rotation" value="-60, 0, 0"/>
				<property name="exit" value="-.9,0,-.7 ~ .9,0,-.7 ~ -.6,0,-1.5 ~ -.6,0,1.6 ~ 0,1.5,-.6"/>
				<property name="mod" value="1"/>
				<property name="IKHandLPosition" value="-.27, .87, .14"/>
				<property name="IKHandLRotation" value="41, -30, 18"/>
				<property name="IKHandRPosition" value=".27, .87, .14"/>
				<property name="IKHandRRotation" value="41, 30, -18"/>
			</property>
			<property class="seat3">
				<property name="class" value="Seat"/>
				<property name="position" value=".44, .39, .80"/>
				<property name="rotation" value="-60, 0, 0"/>
				<property name="exit" value="-.9,0,-.7 ~ .9,0,-.7 ~ -.6,0,-1.5 ~ -.6,0,1.6 ~ 0,1.5,-.6"/>
				<property name="mod" value="1"/>
				<property name="IKHandLPosition" value="-.27, .87, .14"/>
				<property name="IKHandLRotation" value="41, -30, 18"/>
				<property name="IKHandRPosition" value=".27, .87, .14"/>
				<property name="IKHandRRotation" value="41, 30, -18"/>
			</property>
			<property class="wheel0">
				<property name="parent_part" value="chassis"/>
				<property name="steerTransform" value="Origin/frontLeftWheelStear_joint"/>
				<property name="tireTransform" value="Origin/frontLeftWheelStear_joint/frontLeftWheel_joint"/>
				<property name="tireSuspensionPercent" value="1"/>
				<property name="torqueScale_motor_brake" value=".7, .8"/>
			</property>
			<property class="wheel1">
				<property name="parent_part" value="chassis"/>
				<property name="steerTransform" value="Origin/frontRightWheelStear_joint"/>
				<property name="tireTransform" value="Origin/frontRightWheelStear_joint/frontRightWheel_joint"/>
				<property name="tireSuspensionPercent" value="1"/>
				<property name="torqueScale_motor_brake" value=".7, .8"/>
			</property>
			<property class="wheel2">
				<property name="parent_part" value="chassis"/>
				<property name="tireTransform" value="Origin/backLeftWheelJoint"/>
				<property name="tireSuspensionPercent" value="1"/>
				<property name="torqueScale_motor_brake" value="1, 1"/>
			</property>
			<property class="wheel3">
				<property name="parent_part" value="chassis"/>
				<property name="tireTransform" value="Origin/backRightWheelJoint"/>
				<property name="tireSuspensionPercent" value="1"/>
				<property name="torqueScale_motor_brake" value="1, 1"/>
			</property>
			<property class="headlight">
				<property name="class" value="Headlight"/>
				<property name="parent_part" value="chassis"/>
				<property name="transform" value="Origin/headlight"/>
				<property name="bright" value=".75"/>
			</property>
			<property class="storage">
				<property name="class" value="Storage"/>
				<property name="display_name" value="basket"/>
				<property name="slot_type" value="basket"/>
				<property name="mesh" value="basket"/>
				<property name="transform" value="basket"/>
				<property name="parent_part" value="chassis"/>
			</property>
			<property class="exhaust">
				<property name="class" value="Exhaust"/>
				<property name="particle_transform" value="engine_small/MinibikeParticles/p_engine"/>
			</property>
		</vehicle>
		<vehicle name="vehicleStallionwhite">
			<property name="cameraDistance" value="7.5, 7"/>
			<property name="cameraTurnRate" value=".2, .35"/>
			<property name="motorTorqueMinQ" value="3000"/>
			<property name="motorTorqueMaxQ" value="4000"/>
			<property name="brakeTorque" value="2000"/>
			<property name="upAngleMax" value="70"/>
			<property name="upForce" value="1"/>
			<property name="steerRate" value="130"/>
			<property name="steerCenteringRate" value="90"/>
			<property name="tiltAngleMax" value="80"/>
			<property name="tiltThreshold" value="3"/>
			<property name="tiltDampening" value=".22"/>
			<property name="tiltDampenThreshold" value="8"/>
			<property name="tiltUpForce" value="0"/>
			<property name="hopForce" value="1"/>
			<property name="unstickForce" value="1"/>
			<property name="velocityMax" value="17, 17"/>
			<property name="waterDrag_y_velScale_velMaxScale" value="1.8, .9, .1"/>
			<property name="wheelPtlScale" value="1"/>
			<property name="hornSound" value="Stallcar_horn"/>
			<property class="battery">
				<property name="class" value="Battery"/>
				<property name="slot_type" value="battery"/>
				<property name="mesh" value="battery"/>
				<property name="transform" value="battery"/>
				<property name="parent_part" value="chassis"/>
			</property>
			<property class="chassis">
				<property name="class" value="Chassis"/>
				<property name="display_name" value="chassis"/>
				<property name="slot_type" value="chassis"/>
				<property name="mesh" value="chassis"/>
				<property name="transform" value="Origin"/>
				<property name="paint" value="Car1"/>
			</property>
			<property class="engine">
				<property name="class" value="Engine"/>
				<property name="foodDrain" value=".003,.003"/>
				<property name="slot_type" value="engine"/>
				<property name="mesh" value="engine_small"/>
				<property name="transform" value="engine_small"/>
				<property name="particle_transform" value="engine_small/MinibikeParticles/p_engine_fire"/>
				<property name="fuelKmPerL" value="0.09"/>
				<property name="gear1" value="
								500,2500, -1400,800,0, 700,2200,900,
								,
								Vehicles/Suv/suv_decel1,
								0, .7, 1, .1, 0, 0, .1, StallmodernV8_idle,
								-.4, -.02, .3, .3, -.2, 9, .2, StallmodernV8_max_speed_lp
								"/>
				<property name="gear2" value="
								500,2500, -2000,1000,2000, 600,2200,800,
								,
								Vehicles/Suv/suv_decel1,
								-.25, -.05, .2, .3, -1, 1, .1, StallmodernV8_max_speed_lp
								"/>
				<property name="gear3" value="
								500,2500, -2000,1000,2000, 500,2200,1000,
								,
								Vehicles/Suv/suv_decel1,
								-.28, -.07, .3, .3, -1, 1, .1, StallmodernV8_max_speed_lp
								"/>
				<property name="gear4" value="
								500,2500, -2000,1000,2000, 500,9999,9999,
								,
								Vehicles/Suv/suv_decel1,
								-.31, -.08, .3, .18, -1, 1, .1, StallmodernV8_max_speed_lp
								"/>
				<property name="sound_start" value="StallmodernV8_startup"/>
				<property name="sound_shut_off" value="Vehicles/Suv/suv_shutoff"/>
				<property name="sound_no_fuel_shut_off" value="Vehicles/Motorbike/motorbike_empty"/>
				<property name="parent_part" value="chassis"/>
			</property>
			<property class="exhaust">
				<property name="class" value="Exhaust"/>
				<property name="parent_part" value="engine"/>
				<property name="particle_transform" value="engine_small/MinibikeParticles/p_engine"/>
			</property>
			<property class="fuelTank">
				<property name="class" value="FuelTank"/>
				<property name="parent_part" value="engine"/>
				<property name="capacity" value="400"/>
			</property>
			<property class="handlebars">
				<property name="parent_part" value="chassis"/>
				<property name="class" value="Steering"/>
				<property name="slot_type" value="handlebars"/>
				<property name="transform" value="Origin/steering_joint"/>
				<property name="steerMaxAngle" value="75"/>
				<property name="IKHandLPosition" value="-.18, .08, -.05"/>
				<property name="IKHandLRotation" value="40.55, -13.433, 49.88"/>
				<property name="IKHandRPosition" value=".18, .08, -.05"/>
				<property name="IKHandRRotation" value="40.55, 13.433, -49.88"/>
			</property>
			<property class="seat0">
				<property name="position" value="-.44, .39, .80"/>
				<property name="rotation" value="-60, 0, 0"/>
				<property name="exit" value="-1.6,0,0 ~ 1.6,0,-1 ~ -.4,0,-2.8 ~ -.4,0,2.6 ~ -.4,2.1,0"/>
			</property>
			<property class="seat1">
				<property name="class" value="Seat"/>
				<property name="position" value=".44, .39, .80"/>
				<property name="rotation" value="-60, 0, 0"/>
				<property name="exit" value="-.9,0,-.7 ~ .9,0,-.7 ~ -.6,0,-1.5 ~ -.6,0,1.6 ~ 0,1.5,-.6"/>
				<property name="IKHandLPosition" value="-.27, .87, .14"/>
				<property name="IKHandLRotation" value="41, -30, 18"/>
				<property name="IKHandRPosition" value=".27, .87, .14"/>
				<property name="IKHandRRotation" value="41, 30, -18"/>
			</property>
			<property class="seat2">
				<property name="class" value="Seat"/>
				<property name="position" value="-.44, .39, .80"/>
				<property name="rotation" value="-60, 0, 0"/>
				<property name="exit" value="-.9,0,-.7 ~ .9,0,-.7 ~ -.6,0,-1.5 ~ -.6,0,1.6 ~ 0,1.5,-.6"/>
				<property name="mod" value="1"/>
				<property name="IKHandLPosition" value="-.27, .87, .14"/>
				<property name="IKHandLRotation" value="41, -30, 18"/>
				<property name="IKHandRPosition" value=".27, .87, .14"/>
				<property name="IKHandRRotation" value="41, 30, -18"/>
			</property>
			<property class="seat3">
				<property name="class" value="Seat"/>
				<property name="position" value=".44, .39, .80"/>
				<property name="rotation" value="-60, 0, 0"/>
				<property name="exit" value="-.9,0,-.7 ~ .9,0,-.7 ~ -.6,0,-1.5 ~ -.6,0,1.6 ~ 0,1.5,-.6"/>
				<property name="mod" value="1"/>
				<property name="IKHandLPosition" value="-.27, .87, .14"/>
				<property name="IKHandLRotation" value="41, -30, 18"/>
				<property name="IKHandRPosition" value=".27, .87, .14"/>
				<property name="IKHandRRotation" value="41, 30, -18"/>
			</property>
			<property class="wheel0">
				<property name="parent_part" value="chassis"/>
				<property name="steerTransform" value="Origin/frontLeftWheelStear_joint"/>
				<property name="tireTransform" value="Origin/frontLeftWheelStear_joint/frontLeftWheel_joint"/>
				<property name="tireSuspensionPercent" value="1"/>
				<property name="torqueScale_motor_brake" value=".7, .8"/>
			</property>
			<property class="wheel1">
				<property name="parent_part" value="chassis"/>
				<property name="steerTransform" value="Origin/frontRightWheelStear_joint"/>
				<property name="tireTransform" value="Origin/frontRightWheelStear_joint/frontRightWheel_joint"/>
				<property name="tireSuspensionPercent" value="1"/>
				<property name="torqueScale_motor_brake" value=".7, .8"/>
			</property>
			<property class="wheel2">
				<property name="parent_part" value="chassis"/>
				<property name="tireTransform" value="Origin/backLeftWheelJoint"/>
				<property name="tireSuspensionPercent" value="1"/>
				<property name="torqueScale_motor_brake" value="1, 1"/>
			</property>
			<property class="wheel3">
				<property name="parent_part" value="chassis"/>
				<property name="tireTransform" value="Origin/backRightWheelJoint"/>
				<property name="tireSuspensionPercent" value="1"/>
				<property name="torqueScale_motor_brake" value="1, 1"/>
			</property>
			<property class="headlight">
				<property name="class" value="Headlight"/>
				<property name="parent_part" value="chassis"/>
				<property name="transform" value="Origin/headlight"/>
				<property name="bright" value=".75"/>
			</property>
			<property class="storage">
				<property name="class" value="Storage"/>
				<property name="display_name" value="basket"/>
				<property name="slot_type" value="basket"/>
				<property name="mesh" value="basket"/>
				<property name="transform" value="basket"/>
				<property name="parent_part" value="chassis"/>
			</property>
			<property class="exhaust">
				<property name="class" value="Exhaust"/>
				<property name="particle_transform" value="engine_small/MinibikeParticles/p_engine"/>
			</property>
		</vehicle>
	</append>
</configs>