<JaxTeller718>

	<append xpath="/items/item[starts-with(@name, 'melee')]/effect_group[starts-with(@name, 'melee')]">
		<passive_effect name="ModSlots" operation="base_set" value="1,2,3,4,5,6" tier="1,2,3,4,5,6"/>
	</append>	
	
	<append xpath="/items/item[starts-with(@name, 'gun')]/effect_group[starts-with(@name, 'gun')]">
		<passive_effect name="ModSlots" operation="base_set" value="1,2,3,4,5,6" tier="1,2,3,4,5,6"/>
	</append>	
	
	<append xpath="/items/item[starts-with(@name, 'armor')]/effect_group[contains(@name, 'armor')]">
		<passive_effect name="ModSlots" operation="base_set" value="1,2,3,4,5,6" tier="1,2,3,4,5,6"/>
	</append>	
	
	<append xpath="/items/item[starts-with(@name, 'armor')]/effect_group[contains(@name, 'scrap')]">
		<passive_effect name="ModSlots" operation="base_set" value="1,2,3,4,5,6" tier="1,2,3,4,5,6"/>
	</append>
	
</JaxTeller718>