<MeanCloud_Cannabis>

	<append xpath="/recipes">

		<recipe name="plantedCannabis1" count="1" craft_time="1" craft_exp_gain="0" tags="learnable">
			<ingredient name="resourceCropCannabisBud" count="5"/>
		</recipe>

		<recipe name="drugCannabisJointUnrolled" count="1" craft_time="5" craft_exp_gain="0" always_unlocked="true">
			<ingredient name="resourceCropCannabisBud" count="2"/>
			<ingredient name="resourcePaper" count="5"/>
		</recipe>

		<recipe name="drugCannabisJointRolled" count="1" craft_time="60" craft_exp_gain="0" always_unlocked="true">
			<ingredient name="drugCannabisJointUnrolled" count="1"/>
		</recipe>

		<recipe name="toolBong" count="1" craft_area="forge" craft_time="120" tags="learnable">
			<ingredient name="toolBeaker" count="1"/>
			<ingredient name="drinkJarEmpty" count="1"/>
		</recipe>

		<recipe name="toolBongFilled" count="1" craft_time="5" craft_exp_gain="0" always_unlocked="true">
			<ingredient name="toolBong" count="1"/>
			<ingredient name="resourceCropCannabisBud" count="5"/>
		</recipe>

	</append>

</MeanCloud_Cannabis>
