<configs>

	<!-- 
	~~~~~~~~~~~~~~~~~~~~~~~~~~~~~~~~~~~~~~~~~~~~~~~~~~~~~~~~~~~~~~~~~~~~~~~~~~~~~~~~~~~~~~~~~~~~~~~~~~
										AC'S & RAGSY'S MI-17                                                                                           
	~~~~~~~~~~~~~~~~~~~~~~~~~~~~~~~~~~~~~~~~~~~~~~~~~~~~~~~~~~~~~~~~~~~~~~~~~~~~~~~~~~~~~~~~~~~~~~~~~~
	-->
	
	<append xpath="/items">
		<item name="vehicleMi17Placeable">
			<property name="Tags" value="vehicle,vfuel,vengine,vseat,vlight"/>
			<property name="DescriptionKey" value="vehicleMi17PlaceableDesc"/>
			<property name="CustomIcon" value="AC_Mi_17"/>
			<property name="HoldType" value="7"/>
			<property name="HoldingItemHidden" value="true"/>
			<property name="Meshfile" value="#@modfolder:Resources/Hand.unity3d?HandMeshM"/>
			<property name="UnlockedBy" value="vehicleMi17Schematic"/>
			<property name="Material" value="Mmetal"/>
			<property name="Weight" value="0"/>
			<property name="Stacknumber" value="1"/>
			<property name="EconomicValue" value="30000"/>
			<property name="SellableToTrader" value="false"/>
			<property name="Group" value="Science"/>
			<property class="Action1">
				<property name="Class" value="SpawnVehicle"/>
				<property name="Vehicle" value="vehicleMi17"/>
			</property>
			<effect_group name="vehicleMi17Placeable" tiered="false">
				<passive_effect name="ModSlots" operation="base_set" value="5"/>
				<passive_effect name="ModPowerBonus" operation="base_add" value="300" tags="EconomicValue"/>
				<passive_effect name="DegradationMax" operation="base_set" value="6500"/>
			</effect_group>
		</item>

		<item name="vehicleMi17Schematic">
			<property name="Extends" value="schematicNoQualityRecipeMaster"/>
			<property name="EconomicValue" value="400"/>
			<property name="CreativeMode" value="Player"/>
			<property name="CustomIcon" value="AC_Mi_17"/>
			<property name="Unlocks" value="vehicleMi17"/>
			<effect_group tiered="false">
				<triggered_effect trigger="onSelfPrimaryActionEnd" action="ModifyCVar" cvar="vehicleMi17" operation="set" value="1"/>
				<triggered_effect trigger="onSelfPrimaryActionEnd" action="GiveExp" exp="50"/>
			</effect_group>
		</item>

		<item name="vehicleMi17Chassis">
			<property name="Extends" value="vehicleWheels"/>
			<property name="CustomIcon" value="AC_Mi_17chassis"/>
			<property name="DescriptionKey" value="AC_Mi_17ChassisDesc"/>
			<property name="EconomicValue" value="15000"/>
		</item>

		<item name="vehicleMi17Rotors">
			<property name="Extends" value="vehicleWheels"/>
			<property name="CustomIcon" value="AC_Mi_17rotors"/>
			<property name="DescriptionKey" value="AC_Mi_17RotorsDesc"/>
			<property name="EconomicValue" value="15000"/>
		</item>
	</append>
</configs>