<configs>

	<!-- 
	~~~~~~~~~~~~~~~~~~~~~~~~~~~~~~~~~~~~~~~~~~~~~~~~~~~~~~~~~~~~~~~~~~~~~~~~~~~~~~~~~~~~~~~~~~~~~~~~~~
										AC'S & RAGSY'S MI-17                                                                                           
	~~~~~~~~~~~~~~~~~~~~~~~~~~~~~~~~~~~~~~~~~~~~~~~~~~~~~~~~~~~~~~~~~~~~~~~~~~~~~~~~~~~~~~~~~~~~~~~~~~
	-->

	<set xpath="/Sounds/SoundDataNode[@name='vwheel_bounce']/MaxRepeatRate/@value">10</set>
	<set xpath="/Sounds/SoundDataNode[@name='vwheel_bounce']/Noise[@ID='0']/@noise">10</set>

	<append xpath="/Sounds">
		<SoundDataNode name="AC_Mi_17_start"> <AudioSource name="Sounds/AudioSource_Vehicle"/>
			<Noise ID="2" noise="11" time="3" muffled_when_crouched="0.5"/>
			<AudioClip ClipName="#@modfolder:Resources/AC_Mi_17_Sound.unity3d?AC_Mi_17_start"/>
			<LocalCrouchVolumeScale value="1.0"/> <CrouchNoiseScale value="0.5"/> <NoiseScale value="1"/> <MaxVoices value="10"/> <MaxRepeatRate value="0.01"/> 
		</SoundDataNode>

		<SoundDataNode name="AC_Mi_17_stop"> <AudioSource name="Sounds/AudioSource_Vehicle"/>
			<Noise ID="2" noise="11" time="3" muffled_when_crouched="0.5"/>
			<AudioClip ClipName="#@modfolder:Resources/AC_Mi_17_Sound.unity3d?AC_Mi_17_stop"/>
			<LocalCrouchVolumeScale value="1.0"/> <CrouchNoiseScale value="0.5"/> <NoiseScale value="1"/> <MaxVoices value="10"/> <MaxRepeatRate value="0.01"/> 
		</SoundDataNode>

		<SoundDataNode name="AC_Mi_17_flying"> <AudioSource name="Sounds/AudioSource_Vehicle"/>
			<AudioClip ClipName="#@modfolder:Resources/AC_Mi_17_Sound.unity3d?AC_Mi_17_flying" Loop="true"/>
			<LocalCrouchVolumeScale value="1.0"/> <CrouchNoiseScale value="0.5"/> <NoiseScale value="1"/> <MaxVoices value="10"/> <MaxRepeatRate value="0.01"/> 
		</SoundDataNode>
		
		<SoundDataNode name="AC_Mi_17_Horn"> <AudioSource name="Sounds/AudioSource_SmallHorn"/>
			<Noise ID="4" noise="60" time="3" heat_map_strength="0.2" heat_map_time="90"/>
				<AudioClip ClipName="#@modfolder:Resources/AC_Mi_17_Sound.unity3d?AC_Mi_17_Horn"/>
				<AudioClip ClipName="#@modfolder:Resources/AC_Mi_17_Sound.unity3d?AC_Mi_17_Horn2"/>
				<AudioClip ClipName="#@modfolder:Resources/AC_Mi_17_Sound.unity3d?AC_Mi_17_Horn3"/>
				<LocalCrouchVolumeScale value="1.0"/> 
				<CrouchNoiseScale value="1"/> 
			<NoiseScale value="1"/> <MaxVoices value="3"/> 
				<MaxEntities name="6"/> 
				<MaxRepeatRate value="0.01"/> 
		</SoundDataNode>
	</append>
</configs>