<configs>
<append xpath="/vehicles">

		<!-- 
		~~~~~~~~~~~~~~~~~~~~~~~~~~~~~~~~~~~~~~~~~~~~~~~~~~~~~~~~~~~~~~~~~~~~~~~~~~~~~~~~~~~~~~~~~~~~~~~~~~
											AC'S & RAGSY'S MI-17                                                                                           
		~~~~~~~~~~~~~~~~~~~~~~~~~~~~~~~~~~~~~~~~~~~~~~~~~~~~~~~~~~~~~~~~~~~~~~~~~~~~~~~~~~~~~~~~~~~~~~~~~~
		-->

		<!--Ragsy New XML for newest style unity build method for this Helicopter -->
		<vehicle name="vehicleMi17">
			<property name="cameraDistance" value="23.7, 23.7"/>
			<property name="cameraTurnRate" value=".2, .2"/>
			<property name="motorTorqueMinQ" value="100"/>
			<property name="motorTorqueMaxQ" value="1000"/>
			<property name="brakeTorque" value="10"/>
			<property name="steerRate" value="140"/>
			<property name="steerCenteringRate" value="60"/>
			<property name="tiltAngleMax" value="40"/>
			<property name="tiltThreshold" value="2"/>
			<property name="tiltDampening" value=".01"/>
			<property name="tiltDampenThreshold" value="0"/>
			<property name="tiltUpForce" value="1"/>
			<property name="upAngleMax" value="60"/>
			<property name="upForce" value=".5"/>
			<property name="velocityMax" value="18, 28"/>
			<property name="airDrag_velScale_angVelScale" value=".997, .97"/>
			<property name="waterDrag_y_velScale_velMaxScale" value="1.5, .9, 1"/>
			<property name="waterLift_y_depth_force" value="1, .5, .1"/>
			<property name="wheelPtlScale" value=".4"/>

			<property name="hornSound" value="AC_Mi_17_Horn"/>

			<property class="engine">
			<property name="class" value="Engine"/>
			<property name="slot_type" value="engine"/>
			<property name="particle_transform" value="engine_small/MinibikeParticles/p_engine_fire"/>
			<property name="foodDrain" value=".003,.003"/>
			<property name="fuelKmPerL" value="0.05"/>
			<property name="gear1" value="
			500,2500, -1400,800,0, 1500,9999,9999,
			,
			,
			0, .5,  .45, .1,  -9, .1, .1, AC_Mi_17_flying,
			-.1, .1,  .65, .7,  0, 9, .1, AC_Mi_17_flying
			"/>
			<property name="sound_start" value="AC_Mi_17_start"/>
				<property name="sound_shut_off" value="AC_Mi_17_stop"/>
				<property name="sound_no_fuel_shut_off" value="Vehicles/Gyrocopter/gyrocopter_sputter"/>
				<property name="parent_part" value="chassis"/>
			</property>

			<property class="motor0">
				<property name="engine" value="engine"/>
				<property name="engineOffPer" value=".02"/>
				<property name="rpmAccel_min_max" value="0.01, .2"/>
				<property name="rpmMax" value="8"/>
				<property name="rpmDrag" value=".993"/>
				<property name="trigger" value="relative"/> 
				<property name="type" value="spin"/> 
				<property name="transform" value="Origin/TopPropellerJoint"/>
				<property name="axis" value="1"/>
			</property>

			<property class="motor1">
				<property name="engine" value="engine"/>
				<property name="turbo" value="1.35"/>
				<property name="rpmAccel_min_max" value="0, 2"/>
				<property name="rpmMax" value="8"/>
				<property name="rpmDrag" value=".991"/>
				<property name="trigger" value="inputForward"/>
				<property name="type" value="spin"/>
				<property name="transform" value="Origin/BackPropellerJoint"/>
				<property name="axis" value="2"/>
			</property>

			<property class="motor2">
				<property name="engine" value="engine"/>
				<property name="engineOffPer" value=".02"/>
				<property name="turbo" value="1.35"/>
				<property name="rpmAccel_min_max" value=".1, 2"/>
				<property name="rpmMax" value="8"/>
				<property name="rpmDrag" value=".991"/>
				<property name="trigger" value="relative"/>
				<property name="type" value="spin"/>
				<property name="transform" value="Origin/BackPropellerJoint"/>
				<property name="axis" value="2"/>
			</property>

			<property class="force0">
				<property name="trigger" value="motor0"/>
				<property name="type" value="relative"/>
				<property name="force" value="0, .1938 , 0"/>
				<property name="ceiling" value="260, 280"/>
			</property>

			<property class="force1">
				<property name="trigger" value="motor1"/>
				<property name="type" value="relative"/>
				<property name="force" value="0, 0, 0.18"/>
			</property>

			<property class="force2">
				<property name="trigger" value="inputForward"/>
				<property name="type" value="relative"/>
				<property name="force" value="0, 0, 0.055"/>
			</property>

			<property class="force3">
				<property name="trigger" value="inputStrafe"/>
				<property name="type" value="relativeTorque"/>
				<property name="force" value="0, .5, 0"/>
			</property>

			<property class="force4">
				<property name="trigger" value="inputUp"/>
				<property name="type" value="relative"/>
				<property name="force" value="-.00048, .04, .0005"/>
			</property>

			<property class="force5">
				<property name="trigger" value="inputDown"/>
				<property name="type" value="relative"/>
				<property name="force" value=".0005, -.042 , -.00044"/>
			</property>

			<property class="handlebars">
				<property name="parent_part" value="chassis"/>
				<property name="class" value="Steering"/>
				<property name="slot_type" value="handlebars"/>
				<property name="transform" value="Origin/steering_joint"/>
				<property name="IKHandLPosition" value="-.25, 1.53, 1.8"/>
				<property name="IKHandLRotation" value="0, 17.2, 90"/>
				<property name="IKHandRPosition" value="-.27, 1.78, 1.52"/>
				<property name="IKHandRRotation" value="0, -17.2, -90"/>
			</property>

			<property class="seat0">
				<property name="position" value="0, 1.2 , 7"/>
				<property name="rotation" value="-45, 0, 0"/>
				<property name="exit" value="6.6,0,0 ~ 6.6,0,-1 ~ -.4,0,-2.8 ~ -.4,0,2.6 ~ -.4,2.1,0"/>
			</property>

			<property class="seat1">
				<property name="position" value="0, 1.2, 0.5"/>
				<property name="rotation" value="-45, 0, 0"/>
				<property name="exit" value="-3.6,0,0 ~ -3.6,0,-1 ~ .4,0,-2.8 ~ .4,0,2.6 ~ .4,2.1,0"/>
			</property>

			<property class="seat2">
				<property name="position" value="0, 1.1, -1"/>
				<property name="rotation" value="-38, 0, 0"/>
				<property name="exit" value="3.6,0,0 ~ 3.6,0,-1 ~ -.4,0,-2.8 ~ -.4,0,2.6 ~ -.4,2.1,0"/>
			</property>

			<property class="seat3">
				<property name="position" value="0, 1.1 , -0 .5"/>
				<property name="rotation" value="-38, 0, 0"/>
				<property name="exit" value="-3.6,0,0 ~ -3.6,0,-1 ~ .4,0,-2.8 ~ .4,0,2.6 ~ .4,2.1,0"/>
			</property>

			<property class="seat4">
				<property name="position" value="0, 1 , 0"/>
				<property name="rotation" value="-38, 0, 0"/>
				<property name="exit" value="1.6,0,0 ~ 1.6,0,-1 ~ -.4,0,-2.8 ~ -.4,0,2.6 ~ -.4,2.1,0"/>
			</property>

			<property class="exhaust">
				<property name="class" value="Exhaust"/>
				<property name="particle_transform" value="engine_small/MinibikeParticles/p_engine"/>
			</property>

			<property class="fuelTank">
				<property name="class" value="FuelTank"/>
				<property name="parent_part" value="engine"/>
				<property name="capacity" value="500"/>
			</property>

			<property class="headlight">
				<property name="class" value="Headlight"/>
				<property name="parent_part" value="chassis"/>
				<property name="transform" value="Origin/headlight"/>
				<property name="bright" value=".75"/>
			</property>

			<property class="storage">
				<property name="class" value="Storage"/>
				<property name="display_name" value="basket"/>
				<property name="slot_type" value="basket"/>
				<property name="mesh" value="basket"/>
				<property name="transform" value="basket"/>
			</property>
		</vehicle>
	</append>
</configs>



