<configs>

<append xpath="/entity_classes">

<!-- VEHICLES -->

<entity_class name="DBSilverado">
	<property name="Tags" value="vehicle"/>
	<property name="Class" value="EntityVJeep"/>
	<property name="Parent" value="Cars"/>
	<property name="Prefab" value="#@modfolder:Resources/SilveradoPrefab.unity3d?SilveradoPrefab"/>
	<property name="ModelType" value="Standard"/>
	<property name="SurfaceCategory" value="metal"/>
	<property name="IgnoreTrigger" value="true"/>
	<property name="LootListAlive" value="vehicle4x4Truck"/>
	<property name="IsEnemyEntity" value="false"/>
	<property name="Explosion.ParticleIndex" value="6"/>
	<property name="Explosion.RadiusBlocks" value="5"/>
	<property name="Explosion.RadiusEntities" value="5"/>
	<property name="Explosion.BlockDamage" value="100"/>
	<property name="Explosion.EntityDamage" value="100"/>
	<property name="RotateToGround" value="true"/>
	<property name="Faction" value="none"/>
	<property name="MapIcon" value="dbsilveradomap"/>
	<property name="NavObject" value="dbsilveradomap" />
</entity_class>

</append>
</configs>