<configs>

<append xpath="/items">

	<item name="DBSilveradoChassis">
		<property name="Extends" value="vehicleWheels"/>
		<property name="CustomIcon" value="dbsilveradochassis" />
		<property name="EconomicValue" value="9000"/>
		<property name="SellableToTrader" value="false"/>
		<property name="DescriptionKey" value="DBSilveradoChassisDesc"/>		
		<property name="UnlockedBy" value="perkGreaseMonkey"/>
	</item>
	<item name="DBSilveradoBody">
		<property name="Extends" value="vehicleBicycleHandlebars"/>
		<property name="CustomIcon" value="dbsilveradobody" />
		<property name="SellableToTrader" value="false"/>
		<property name="DescriptionKey" value="DBSilveradoBodyDesc"/>
		<property name="EconomicValue" value="9000"/>
		<property name="UnlockedBy" value="perkGreaseMonkey"/>
	</item>
	
	<item name="DBSilveradoplaceable">
		<property name="Extends" value="vehicleMinibikePlaceable"/>
		<property name="CreativeMode" value="Player"/>
		<property name="DescriptionKey" value="DBSilveradoplaceableDesc"/>
		<property name="CustomIcon" value="dbsilverado" /> 
		<property name="Tags" value="vehicle,vengine,vfuel,vlight,vseat"/>
		<property name="Meshfile" value="#@modfolder:Resources/SilveradoPrefab.unity3d?SilveradoPrefab"/>
		<property name="EconomicValue" value="50000"/>
		<property name="Stacknumber" value="5"/>
		<property name="ShowQuality" value="false"/>
		<property class="Action1">
			<property name="Vehicle" value="DBSilverado"/>
			<property name="VehicleSize" value="2.5, 2.5, 6"/>
		</property>
	<effect_group name="Base Effects">
		<passive_effect name="ModSlots" operation="base_set" value="4"/>
		<passive_effect name="ModPowerBonus" operation="base_add" value="300" tags="EconomicValue"/>
		<passive_effect name="DegradationMax" operation="base_set" value="3500"/>
	</effect_group>
	</item>
	
	
</append>
</configs>