<configs>
	<append xpath="/Sounds">
		
		<SoundDataNode name="SilveradoHorn">
			<AudioSource name="Sounds/AudioSource_SmallHorn"/>
			<Noise ID="4" noise="60" time="2" heat_map_strength="0.2" heat_map_time="90"/>
			<AudioClip ClipName="#@modfolder:Resources/SilveradoPrefab.unity3d?truckhorn1"/>
			<LocalCrouchVolumeScale value="1.0"/>
			<CrouchNoiseScale value="1"/>
			<NoiseScale value="1"/>
			<MaxVoices value="3"/>
			<MaxEntities name="6"/>
			<MaxRepeatRate value="0.01"/>
		</SoundDataNode>
		
	</append>
</configs>