<MeanCloud_Fishing_And_Pumpkins>

  <append xpath="/windows">

    <window name="MeanCloud_Logo" pos="0,10"  width="310" height="148" anchor="LeftTop">
      <texture name="MeanCloud_logo" width="310" height="148" texture="@modfolder:Textures/MeanCloud_logo.png" />
    </window>

    <window name="MeanCloud_Fishing_And_Pumpkins" pos="20,-105"  width="270" height="94" anchor="LeftTop">
      <texture name="MeanCloud_Fishing_And_Pumpkins" width="270" height="94" texture="@modfolder:Textures/MeanCloud_Fishing.png" />
    </window>

  </append>

</MeanCloud_Fishing_And_Pumpkins>
