<config>
	<append xpath="/blocks">
	
		<block name="AK47 Turret">
			<property name="Model" value="AK47 Turret"/>
			<property name="CreativeMode" value="Player"/>
			<property name="Class" value="Ranged"/>
			<property name="DisplayType" value="blockElectricalHardened"/>
			<property name="Material" value="Mmetal_medium"/>
			<property name="Shape" value="ModelEntity"/>
			<property name="Mesh" value="models"/>
			<property name="Path" value="solid"/>
			<property name="Model" value="Entities/Traps/AutoTurret/Auto_TurretPrefab"/>
			<property name="OnlySimpleRotations" value="true"/> <!-- the targeting math will NOT work if it's not upright -->
			<property name="AmmoItem" value="ammo762mmBulletHP"/>
			<property name="TurnSpeed" value="22.5"/>
			<property name="MaxDistance" value="40"/>
			<property name="EntityDamage" value="60"/> <!-- 188 dps, 213 dps burst -->
			<property name="BlockDamage" value="0"/>
			<property name="RaySpread" value="1.3"/> <!-- Spread 2.6deg: 1m cone (55% hit) @ 22m -->

			<property name="BustRoundCount" value="30"/>
			<property name="BurstFireRate" value="0.25"/>
			<property name="CooldownTime" value="4"/>
			<property name="OvershootTime" value="0.4"/>
			<property name="FallAsleepTime" value="15"/>
			<property name="WakeUpTime" value="0.20"/>

			<property name="YawRange" value="119"/>
			<property name="PitchRange" value="119"/>

			<property name="ParticlesMuzzleFire" value="nozzleflashuzi"/>
			<property name="ParticlesMuzzleSmoke" value="nozzlesmokeuzi"/>

			<property name="DamageBonus.head" value="3"/>
			<property name="DamageBonus.glass" value="0"/>
			<property name="DamageBonus.wood" value="0"/>
			<property name="DamageBonus.earth" value="0"/>
			<property name="DamageBonus.stone" value="0"/>
			<property name="DamageBonus.metal" value="0"/>

			<property name="TargetingSound" value="turret_retarget_lp"/>
			<property name="OverheatSound" value="turret_overheat_lp"/>
			<property name="WakeUpSound" value="turret_windup"/>
			<property name="FireSound" value="m60_fire"/>
			<property name="RequiredPower" value="17"/>
			<property name="UnlockedBy" value="perkAdvancedEngineering"/>

			<property class="RepairItems">
				<property name="resourceForgedSteel" value="5"/>
				<property name="resourceMechanicalParts" value="5"/>
				<property name="resourceElectricParts" value="5"/>
			</property>
			
			<drop event="Harvest" name="terrStone" count="0" tool_category="Disassemble"/>
			<drop event="Harvest" name="resourceMechanicalParts" count="1,4" tag="salvageHarvest"/>
			<drop event="Harvest" name="resourceElectricParts" count="1,4" tag="salvageHarvest"/>
			<drop event="Harvest" name="resourceScrapIron" count="10,40" prob="1" tag="allHarvest"/>
			<drop event="Destroy" count="0"/>

			<property name="Stacknumber" value="10"/>
			<property name="EconomicValue" value="5000"/>
			<property name="EconomicBundleSize" value="1"/>
			<property name="ImposterExchange" value="imposterBlock" param1="109"/>
			<property name="Group" value="Tools/Traps,Science"/>
			<property name="PickupJournalEntry" value="cameraTip"/>
			<property name="FilterTags" value="fdecor,felectrical,ftraps"/>
			<property name="SortOrder1" value="70a0"/>
		</block>
		
	</append>
</config>