<configs>

	<append xpath="/traders/trader_item_groups/trader_item_group[@name='stashOnlyItemsLow']">
		<item name="autoTurret" count="1,2" prob="0.6"/>
		<item name="shotgunTurret" count="1,2" prob="0.7"/>
		<item name="AK47 Turret" count="1,2" prob="0.5"/>
	</append>
	 
	 <append xpath="/traders/trader_item_groups/trader_item_group[@name='stashOnlyItemsHigh']">
		<item name="solarCell" count="1,2" quality="3,6"/>
		<item name="autoTurret" count="1,2" prob="0.6"/>
		<item name="shotgunTurret" count="1,3" prob="0.7"/>
		<item name="toolForgeCrucible"/>
		<item name="AK47 Turret" count="1,2" prob="0.5"/>
	</append>
	
</configs>