<configs>

<append xpath="/Sounds">

<SoundDataNode name="LiftSlow"> 
	 <AudioSource name="Sounds/AudioSource_WeaponFire"/>
	 <NetworkAudioSource name="Sounds/AudioSource_WeaponFire_Network"/>
		<Noise ID="5" range="150" volume="500" time="3" heat_map_strength="0.5" heat_map_time="25"/>
		<AudioClip ClipName="#@modfolder:Resources/HD Weapon Sounds.unity3d?LiftSlow"/>
		<LocalCrouchVolumeScale value="0.5"/> 
		<CrouchNoiseScale value="0.5"/>
		<NoiseScale value="1"/> 
		<MaxVoices value="10"/> 
		<MaxRepeatRate value="0.001"/>
</SoundDataNode>

<SoundDataNode name="LiftQuick"> 
	 <AudioSource name="Sounds/AudioSource_WeaponFire"/>
	 <NetworkAudioSource name="Sounds/AudioSource_WeaponFire_Network"/>
		<Noise ID="5" range="150" volume="500" time="3" heat_map_strength="0.5" heat_map_time="25"/>
		<AudioClip ClipName="#@modfolder:Resources/HD Weapon Sounds.unity3d?LiftQuick"/>
		<LocalCrouchVolumeScale value="0.5"/> 
		<CrouchNoiseScale value="0.5"/>
		<NoiseScale value="1"/> 
		<MaxVoices value="10"/> 
		<MaxRepeatRate value="0.001"/>
</SoundDataNode>
	
</append>
</configs>