<configs>
	<!-- Vanilla Tweaks -->
	<set xpath="/items/item[@name='vehicle4x4TruckPlaceable']/effect_group/passive_effect[@name='DegradationMax'][@value='7500']/@value">3000</set>
	<set xpath="/items/item[@name='vehicleGyrocopterPlaceable']/effect_group/passive_effect[@name='DegradationMax'][@value='3000']/@value">2000</set>
	<set xpath="/items/item[@name='vehicleMotorcyclePlaceable']/effect_group/passive_effect[@name='DegradationMax'][@value='6000']/@value">1500</set>
	<set xpath="/items/item[@name='vehicleBicyclePlaceable']/effect_group/passive_effect[@name='DegradationMax'][@value='1500']/@value">500</set>
	<set xpath="/items/item[@name='vehicleMinibikePlaceable']/effect_group/passive_effect[@name='DegradationMax'][@value='3000']/@value">1500</set>
	<append xpath="/items">
		<item name="vehicleWorkTruckchassis">
			<property name="Extends" value="vehicleWheels"/>
			<property name="UnlockedBy" value="perkGreaseMonkey,vehicleWorkTruckchassisSchematic"/>
			<property name="CustomIcon" value="WorkTruckchassis"/>
			<property name="DescriptionKey" value="vehicleWorkTruckchassisDesc"/>
			<property name="EconomicValue" value="6000"/>
		</item>
		<item name="vehicleWorkTruckchassisSchematic">
			<property name="Extends" value="schematicNoQualityMaster"/>
			<property name="CreativeMode" value="Player"/>
			<property name="CustomIcon" value="WorkTruckchassis"/>
			<property name="Unlocks" value="vehicleWorkTruckchassis"/>
			<effect_group tiered="false">
				<triggered_effect trigger="onSelfPrimaryActionEnd" action="ModifyCVar" cvar="vehicleWorkTruckchassis" operation="set" value="1"/>
				<triggered_effect trigger="onSelfPrimaryActionEnd" action="ModifyCVar" cvar="vehicleWheels" operation="set" value="1"/>
				<triggered_effect trigger="onSelfPrimaryActionEnd" action="GiveExp" exp="50"/>
			</effect_group>
		</item>
		<item name="vehicleWorkTruckaccessoriesSchematic">
			<property name="Extends" value="schematicNoQualityMaster"/>
			<property name="CreativeMode" value="Player"/>
			<property name="CustomIcon" value="WorkTruckaccessories"/>
			<property name="Unlocks" value="vehicleWorkTruckaccessories"/>
			<effect_group tiered="false">
				<triggered_effect trigger="onSelfPrimaryActionEnd" action="ModifyCVar" cvar="vehicleWorkTruckaccessories" operation="set" value="1"/>
				<triggered_effect trigger="onSelfPrimaryActionEnd" action="ModifyCVar" cvar="vehicleWheels" operation="set" value="1"/>
				<triggered_effect trigger="onSelfPrimaryActionEnd" action="GiveExp" exp="50"/>
			</effect_group>
		</item>
		<item name="vehicleWorkTruckaccessories">
			<property name="Extends" value="vehicleWheels"/>
			<property name="UnlockedBy" value="perkGreaseMonkey,vehicleWorkTruckaccessoriesSchematic"/>
			<property name="CustomIcon" value="WorkTruckaccessories"/>
			<property name="DescriptionKey" value="vehicleWorkTruckaccessoriesDesc"/>
			<property name="EconomicValue" value="6000"/>
		</item>
		<item name="vehicleWorkTruckplaceable">
			<property name="Extends" value="vehicle4x4TruckPlaceable"/>
			<property name="CustomIcon" value="WorkTruck"/>
			<property name="DescriptionKey" value="vehicleWorkTruckplaceableDesc"/>
			<property name="Meshfile" value="#@modfolder:Resources/OOBS.unity3d?Old_Pickup.prefab"/>
			<property name="EconomicValue" value="10000"/>
			<property class="Action1">
				<property name="Vehicle" value="vehicleWorkTruck"/>
				<property name="VehicleSize" value="4.7, 4.8, 5"/>
			</property>
			<effect_group name="Base Effects">
				<passive_effect name="ModSlots" operation="base_set" value="4"/>
				<passive_effect name="ModPowerBonus" operation="base_add" value="300" tags="EconomicValue"/>
				<passive_effect name="DegradationMax" operation="base_set" value="3000"/>
			</effect_group>
		</item>
	</append>
</configs>