<configs>
	<insertBefore xpath="/lootcontainers/lootgroup[@name='groupScrapCommon']">
		<lootgroup name="WorkTruckgroup">
			<item name="vehicleWorkTruckchassis"/>
			<item name="vehicleWorkTruckaccessories"/>
		</lootgroup>
	</insertBefore>
	<append xpath="/lootcontainers/lootgroup[@name='vehiclePartsTiered']">
		<item group="WorkTruckgroup" loot_prob_template="ProbT3"/>
	</append>
	<append xpath="/lootcontainers/lootgroup[@name='schematicsVehiclesT2']">
		<item name="vehicleWorkTruckchassisSchematic"/>
		<item name="vehicleWorkTruckaccessoriesSchematic"/>
	</append>
</configs>